sequence_number,description,subjects,exposure_id,target_id,comparator_id,analysis_id,outcome_id,database_id
1,Original cohorts,27,1001,1001,2001,1,3,388020256
2,Restricting duplicate subjects to first cohort,27,1001,1001,2001,1,3,388020256
3,No prior outcome,27,1001,1001,2001,1,3,388020256
4,Censoring at start of new time-at-risk,27,1001,1001,2001,1,3,388020256
5,Have at least 1 days at risk,0,1001,1001,2001,1,3,388020256
6,Matched on propensity score,0,1001,1001,2001,1,3,388020256
1,Original cohorts,16,2001,1001,2001,1,3,388020256
2,Restricting duplicate subjects to first cohort,16,2001,1001,2001,1,3,388020256
3,No prior outcome,16,2001,1001,2001,1,3,388020256
4,Censoring at start of new time-at-risk,16,2001,1001,2001,1,3,388020256
5,Have at least 1 days at risk,0,2001,1001,2001,1,3,388020256
6,Matched on propensity score,0,2001,1001,2001,1,3,388020256
