covariate_id,covariate_name,covariate_analysis_id,analysis_id,database_id
80180212,condition_era group (ConditionGroupEraShortTerm) during day -30 through 0 days relative to index: Osteoarthritis,212,1,388020256
4266809212,condition_era group (ConditionGroupEraShortTerm) during day -30 through 0 days relative to index: Diverticular disease,212,1,388020256
372328212,condition_era group (ConditionGroupEraShortTerm) during day -30 through 0 days relative to index: Otitis media,212,1,388020256
1901,Charlson index - Romano adaptation,901,1,388020256
1904,CHADS2VASc,904,1,388020256
1119510410,drug_era group (DrugGroupEraLongTerm) during day -365 through 0 days relative to index: Dextromethorphan,410,1,388020256
1125315410,drug_era group (DrugGroupEraLongTerm) during day -365 through 0 days relative to index: Acetaminophen,410,1,388020256
738818410,drug_era group (DrugGroupEraLongTerm) during day -365 through 0 days relative to index: Doxylamine,410,1,388020256
920293410,drug_era group (DrugGroupEraLongTerm) during day -365 through 0 days relative to index: Nitrofurantoin,410,1,388020256
933724410,drug_era group (DrugGroupEraLongTerm) during day -365 through 0 days relative to index: Phenazopyridine,410,1,388020256
1713332410,drug_era group (DrugGroupEraLongTerm) during day -365 through 0 days relative to index: Amoxicillin,410,1,388020256
1759842410,drug_era group (DrugGroupEraLongTerm) during day -365 through 0 days relative to index: Clavulanate,410,1,388020256
1778162410,drug_era group (DrugGroupEraLongTerm) during day -365 through 0 days relative to index: Cefuroxime,410,1,388020256
1177480410,drug_era group (DrugGroupEraLongTerm) during day -365 through 0 days relative to index: Ibuprofen,410,1,388020256
1778162412,drug_era group (DrugGroupEraShortTerm) during day -30 through 0 days relative to index: Cefuroxime,412,1,388020256
1177480412,drug_era group (DrugGroupEraShortTerm) during day -30 through 0 days relative to index: Ibuprofen,412,1,388020256
4024958702,measurement during day -365 through 0 days relative to index: Throat culture,702,1,388020256
3006322702,measurement during day -365 through 0 days relative to index: Oral temperature,702,1,388020256
2018006,index year: 2018,6,1,388020256
2017006,index year: 2017,6,1,388020256
2019006,index year: 2019,6,1,388020256
8007,index month: 8,7,1,388020256
10007,index month: 10,7,1,388020256
6007,index month: 6,7,1,388020256
11007,index month: 11,7,1,388020256
12007,index month: 12,7,1,388020256
3007,index month: 3,7,1,388020256
2007,index month: 2,7,1,388020256
1007,index month: 1,7,1,388020256
5007,index month: 5,7,1,388020256
7007,index month: 7,7,1,388020256
4007,index month: 4,7,1,388020256
80180210,condition_era group (ConditionGroupEraLongTerm) during day -365 through 0 days relative to index: Osteoarthritis,210,1,388020256
4285898210,condition_era group (ConditionGroupEraLongTerm) during day -365 through 0 days relative to index: Polyp of colon,210,1,388020256
4266809210,condition_era group (ConditionGroupEraLongTerm) during day -365 through 0 days relative to index: Diverticular disease,210,1,388020256
260139210,condition_era group (ConditionGroupEraLongTerm) during day -365 through 0 days relative to index: Acute bronchitis,210,1,388020256
4283893210,condition_era group (ConditionGroupEraLongTerm) during day -365 through 0 days relative to index: Sinusitis,210,1,388020256
40481087210,condition_era group (ConditionGroupEraLongTerm) during day -365 through 0 days relative to index: Viral sinusitis,210,1,388020256
4116491210,condition_era group (ConditionGroupEraLongTerm) during day -365 through 0 days relative to index: Escherichia coli urinary tract infection,210,1,388020256
4112343210,condition_era group (ConditionGroupEraLongTerm) during day -365 through 0 days relative to index: Acute viral pharyngitis,210,1,388020256
30753210,condition_era group (ConditionGroupEraLongTerm) during day -365 through 0 days relative to index: Esophagitis,210,1,388020256
372328210,condition_era group (ConditionGroupEraLongTerm) during day -365 through 0 days relative to index: Otitis media,210,1,388020256
8532001,gender = FEMALE,1,1,388020256
8507001,gender = MALE,1,1,388020256
4151422502,procedure_occurrence during day -365 through 0 days relative to index: Sputum examination,502,1,388020256
8003,age group:  40 -  44,3,1,388020256
7003,age group:  35 -  39,3,1,388020256
6003,age group:  30 -  34,3,1,388020256
1903,CHADS2,903,1,388020256
