database_id,target_id,comparator_id,outcome_id,analysis_id,covariate_id,target_mean_before,comparator_mean_before,std_diff_before,target_mean_after,comparator_mean_after,std_diff_after,mean_before,mean_after,target_std_diff,comparator_std_diff,target_comparator_std_diff
388020256,1001,2001,3,1,1901,0.63,-0.312,0.572,NA,NA,0,NA,NA,0,0,0
388020256,1001,2001,3,1,6003,-0.185,-0.312,-0.175,NA,NA,0,NA,NA,0,0,0
388020256,1001,2001,3,1,8003,0.519,0.438,0.161,NA,NA,0,NA,NA,0,0,0
388020256,1001,2001,3,1,8532001,0.556,0.5,0.111,NA,NA,0,NA,NA,0,0,0
388020256,1001,2001,3,1,1904,0.556,0.5,0.11,NA,NA,0,NA,NA,0,0,0
388020256,1001,2001,3,1,7003,0.407,0.438,-0.061,NA,NA,0,NA,NA,0,0,0
388020256,1001,2001,3,1,80180210,1,1,0,NA,NA,0,NA,NA,0,0,0
