analysis_id,target_id,comparator_id,outcome_id,max_sdm,shared_max_sdm,equipoise,mdrr,generalizability_max_sdm,ease,database_id,balance_diagnostic,shared_balance_diagnostic,equipoise_diagnostic,mdrr_diagnostic,generalizability_diagnostic,ease_diagnostic,unblind,unblind_for_evidence_synthesis,attrition_fraction,attrition_diagnostic
1,1001,2001,3,-Inf,-Inf,0,Inf,0,NA,388020256,PASS,PASS,FAIL,FAIL,PASS,NOT EVALUATED,0,0,NA,NOT EVALUATED
1,1001,2001,101,NA,-Inf,0,Inf,0,NA,388020256,NOT EVALUATED,PASS,FAIL,FAIL,PASS,NOT EVALUATED,0,0,NA,NOT EVALUATED
1,1001,2001,102,NA,-Inf,0,Inf,0,NA,388020256,NOT EVALUATED,PASS,FAIL,FAIL,PASS,NOT EVALUATED,0,0,NA,NOT EVALUATED
1,1001,2001,103,NA,-Inf,0,Inf,0,NA,388020256,NOT EVALUATED,PASS,FAIL,FAIL,PASS,NOT EVALUATED,0,0,NA,NOT EVALUATED
1,1001,2001,104,NA,-Inf,0,Inf,0,NA,388020256,NOT EVALUATED,PASS,FAIL,FAIL,PASS,NOT EVALUATED,0,0,NA,NOT EVALUATED
1,1001,2001,105,NA,-Inf,0,Inf,0,NA,388020256,NOT EVALUATED,PASS,FAIL,FAIL,PASS,NOT EVALUATED,0,0,NA,NOT EVALUATED
1,1001,2001,106,NA,-Inf,0,Inf,0,NA,388020256,NOT EVALUATED,PASS,FAIL,FAIL,PASS,NOT EVALUATED,0,0,NA,NOT EVALUATED
1,1001,2001,107,NA,-Inf,0,Inf,0,NA,388020256,NOT EVALUATED,PASS,FAIL,FAIL,PASS,NOT EVALUATED,0,0,NA,NOT EVALUATED
1,1001,2001,108,NA,-Inf,0,Inf,0,NA,388020256,NOT EVALUATED,PASS,FAIL,FAIL,PASS,NOT EVALUATED,0,0,NA,NOT EVALUATED
1,1001,2001,109,NA,-Inf,0,Inf,0,NA,388020256,NOT EVALUATED,PASS,FAIL,FAIL,PASS,NOT EVALUATED,0,0,NA,NOT EVALUATED
1,1001,2001,110,NA,-Inf,0,Inf,0,NA,388020256,NOT EVALUATED,PASS,FAIL,FAIL,PASS,NOT EVALUATED,0,0,NA,NOT EVALUATED
1,1001,2001,111,NA,-Inf,0,Inf,0,NA,388020256,NOT EVALUATED,PASS,FAIL,FAIL,PASS,NOT EVALUATED,0,0,NA,NOT EVALUATED
1,1001,2001,112,NA,-Inf,0,Inf,0,NA,388020256,NOT EVALUATED,PASS,FAIL,FAIL,PASS,NOT EVALUATED,0,0,NA,NOT EVALUATED
1,1001,2001,113,NA,-Inf,0,Inf,0,NA,388020256,NOT EVALUATED,PASS,FAIL,FAIL,PASS,NOT EVALUATED,0,0,NA,NOT EVALUATED
1,1001,2001,114,NA,-Inf,0,Inf,0,NA,388020256,NOT EVALUATED,PASS,FAIL,FAIL,PASS,NOT EVALUATED,0,0,NA,NOT EVALUATED
1,1001,2001,115,NA,-Inf,0,Inf,0,NA,388020256,NOT EVALUATED,PASS,FAIL,FAIL,PASS,NOT EVALUATED,0,0,NA,NOT EVALUATED
1,1001,2001,116,NA,-Inf,0,Inf,0,NA,388020256,NOT EVALUATED,PASS,FAIL,FAIL,PASS,NOT EVALUATED,0,0,NA,NOT EVALUATED
1,1001,2001,117,NA,-Inf,0,Inf,0,NA,388020256,NOT EVALUATED,PASS,FAIL,FAIL,PASS,NOT EVALUATED,0,0,NA,NOT EVALUATED
1,1001,2001,118,NA,-Inf,0,Inf,0,NA,388020256,NOT EVALUATED,PASS,FAIL,FAIL,PASS,NOT EVALUATED,0,0,NA,NOT EVALUATED
1,1001,2001,119,NA,-Inf,0,Inf,0,NA,388020256,NOT EVALUATED,PASS,FAIL,FAIL,PASS,NOT EVALUATED,0,0,NA,NOT EVALUATED
1,1001,2001,120,NA,-Inf,0,Inf,0,NA,388020256,NOT EVALUATED,PASS,FAIL,FAIL,PASS,NOT EVALUATED,0,0,NA,NOT EVALUATED
1,1001,2001,121,NA,-Inf,0,Inf,0,NA,388020256,NOT EVALUATED,PASS,FAIL,FAIL,PASS,NOT EVALUATED,0,0,NA,NOT EVALUATED
1,1001,2001,122,NA,-Inf,0,Inf,0,NA,388020256,NOT EVALUATED,PASS,FAIL,FAIL,PASS,NOT EVALUATED,0,0,NA,NOT EVALUATED
1,1001,2001,123,NA,-Inf,0,Inf,0,NA,388020256,NOT EVALUATED,PASS,FAIL,FAIL,PASS,NOT EVALUATED,0,0,NA,NOT EVALUATED
1,1001,2001,124,NA,-Inf,0,Inf,0,NA,388020256,NOT EVALUATED,PASS,FAIL,FAIL,PASS,NOT EVALUATED,0,0,NA,NOT EVALUATED
1,1001,2001,125,NA,-Inf,0,Inf,0,NA,388020256,NOT EVALUATED,PASS,FAIL,FAIL,PASS,NOT EVALUATED,0,0,NA,NOT EVALUATED
1,1001,2001,126,NA,-Inf,0,Inf,0,NA,388020256,NOT EVALUATED,PASS,FAIL,FAIL,PASS,NOT EVALUATED,0,0,NA,NOT EVALUATED
1,1001,2001,127,NA,-Inf,0,Inf,0,NA,388020256,NOT EVALUATED,PASS,FAIL,FAIL,PASS,NOT EVALUATED,0,0,NA,NOT EVALUATED
1,1001,2001,128,NA,-Inf,0,Inf,0,NA,388020256,NOT EVALUATED,PASS,FAIL,FAIL,PASS,NOT EVALUATED,0,0,NA,NOT EVALUATED
1,1001,2001,129,NA,-Inf,0,Inf,0,NA,388020256,NOT EVALUATED,PASS,FAIL,FAIL,PASS,NOT EVALUATED,0,0,NA,NOT EVALUATED
1,1001,2001,130,NA,-Inf,0,Inf,0,NA,388020256,NOT EVALUATED,PASS,FAIL,FAIL,PASS,NOT EVALUATED,0,0,NA,NOT EVALUATED
1,1001,2001,131,NA,-Inf,0,Inf,0,NA,388020256,NOT EVALUATED,PASS,FAIL,FAIL,PASS,NOT EVALUATED,0,0,NA,NOT EVALUATED
1,1001,2001,132,NA,-Inf,0,Inf,0,NA,388020256,NOT EVALUATED,PASS,FAIL,FAIL,PASS,NOT EVALUATED,0,0,NA,NOT EVALUATED
1,1001,2001,133,NA,-Inf,0,Inf,0,NA,388020256,NOT EVALUATED,PASS,FAIL,FAIL,PASS,NOT EVALUATED,0,0,NA,NOT EVALUATED
1,1001,2001,134,NA,-Inf,0,Inf,0,NA,388020256,NOT EVALUATED,PASS,FAIL,FAIL,PASS,NOT EVALUATED,0,0,NA,NOT EVALUATED
1,1001,2001,135,NA,-Inf,0,Inf,0,NA,388020256,NOT EVALUATED,PASS,FAIL,FAIL,PASS,NOT EVALUATED,0,0,NA,NOT EVALUATED
1,1001,2001,136,NA,-Inf,0,Inf,0,NA,388020256,NOT EVALUATED,PASS,FAIL,FAIL,PASS,NOT EVALUATED,0,0,NA,NOT EVALUATED
