"analysisId","targetId","targetName","outcomeId","outcomeName","dataLocation"
"Analysis_1",1001,"celecoxib - New Users first ever occurence with at least 365 days prior observation",3,"GI Bleed","targetId_1001_L1"
"Analysis_2",1001,"celecoxib - New Users first ever occurence with at least 365 days prior observation",3,"GI Bleed","targetId_1001_L1"
"Analysis_3",2001,"diclofenac - New Users first ever occurence with at least 365 days prior observation",3,"GI Bleed","targetId_2001_L1"
"Analysis_4",2001,"diclofenac - New Users first ever occurence with at least 365 days prior observation",3,"GI Bleed","targetId_2001_L1"
