analysis_id,analysis_name,domain_id,start_day,end_day,is_binary,missing_means_zero,setting_id,database_id
212,ConditionGroupEraShortTerm,Condition, -30, 0,Y,NA,20250115192152308991712630,388020256
804,ObservationShortTerm,Observation, -30, 0,Y,NA,20250115192152308991712630,388020256
602,DeviceExposureLongTerm,Device,-365, 0,Y,NA,20250115192152308991712630,388020256
712,MeasurementRangeGroupShortTerm,, -30, 0,Y,NA,20250115192152308991712630,388020256
  4,DemographicsRace,Demographics,  NA,NA,Y,NA,20250115192152308991712630,388020256
901,CharlsonIndex,Condition,  NA, 0,N,Y,20250115192152308991712630,388020256
808,ObservationValueAsConceptShortTerm,Observation, -30, 0,Y,NA,20250115192152308991712630,388020256
904,Chads2Vasc,Condition,  NA, 0,N,Y,20250115192152308991712630,388020256
704,MeasurementShortTerm,Measurement, -30, 0,Y,NA,20250115192152308991712630,388020256
902,Dcsi,Condition,  NA, 0,N,Y,20250115192152308991712630,388020256
410,DrugGroupEraLongTerm,Drug,-365, 0,Y,NA,20250115192152308991712630,388020256
412,DrugGroupEraShortTerm,Drug, -30, 0,Y,NA,20250115192152308991712630,388020256
702,MeasurementLongTerm,Measurement,-365, 0,Y,NA,20250115192152308991712630,388020256
  6,DemographicsIndexYear,Demographics,  NA,NA,Y,NA,20250115192152308991712630,388020256
  7,DemographicsIndexMonth,Demographics,  NA,NA,Y,NA,20250115192152308991712630,388020256
714,MeasurementValueAsConceptLongTerm,Measurement,-365, 0,Y,NA,20250115192152308991712630,388020256
210,ConditionGroupEraLongTerm,Condition,-365, 0,Y,NA,20250115192152308991712630,388020256
  5,DemographicsEthnicity,Demographics,  NA,NA,Y,NA,20250115192152308991712630,388020256
  1,DemographicsGender,Demographics,  NA,NA,Y,NA,20250115192152308991712630,388020256
604,DeviceExposureShortTerm,Device, -30, 0,Y,NA,20250115192152308991712630,388020256
802,ObservationLongTerm,Observation,-365, 0,Y,NA,20250115192152308991712630,388020256
502,ProcedureOccurrenceLongTerm,Procedure,-365, 0,Y,NA,20250115192152308991712630,388020256
  3,DemographicsAgeGroup,Demographics,  NA,NA,Y,NA,20250115192152308991712630,388020256
710,MeasurementRangeGroupLongTerm,,-365, 0,Y,NA,20250115192152308991712630,388020256
413,DrugGroupEraOverlapping,Drug,   0, 0,Y,NA,20250115192152308991712630,388020256
806,ObservationValueAsConceptLongTerm,Observation,-365, 0,Y,NA,20250115192152308991712630,388020256
504,ProcedureOccurrenceShortTerm,Procedure, -30, 0,Y,NA,20250115192152308991712630,388020256
716,MeasurementValueAsConceptShortTerm,Measurement, -30, 0,Y,NA,20250115192152308991712630,388020256
903,Chads2,Condition,  NA, 0,N,Y,20250115192152308991712630,388020256
