target_cohort_id,outcome_cohort_id,cohort_type,risk_window_start,risk_window_end,start_anchor,end_anchor,min_prior_observation,outcome_washout_days,database_id,row_count,person_count,min_exposure_time,mean_exposure_time,max_exposure_time
1,0,Target,NA,NA,NA,NA,365,NA,388020256,1800,1800,0,0,0
2,0,Target,NA,NA,NA,NA,365,NA,388020256, 830, 830,0,0,0
3,0,Target,NA,NA,NA,NA,365,NA,388020256, 479, 479,0,0,0
1001,0,Target,NA,NA,NA,NA,365,NA,388020256,1800,1800,0,0,0
2001,0,Target,NA,NA,NA,NA,365,NA,388020256, 830, 830,0,0,0
1,0,Tall,NA,NA,NA,NA,365,NA,388020256,1800,1800,0,0,0
2,0,Tall,NA,NA,NA,NA,365,NA,388020256, 830, 830,0,0,0
3,0,Tall,NA,NA,NA,NA,365,NA,388020256, 479, 479,0,0,0
1001,0,Tall,NA,NA,NA,NA,365,NA,388020256,1800,1800,0,0,0
2001,0,Tall,NA,NA,NA,NA,365,NA,388020256, 830, 830,0,0,0
