analysis_id,exposures_outcome_set_id,outcome_subjects,outcome_events,outcome_observation_periods,observed_days,description,sequence_number,database_id,covariate_id
1,2086096871,479,479,479,10352430,All outcome occurrences,1,388020256,1001
1,2086096871,16,16,16,6050,Outcomes in study period(s),2,388020256,1001
1,2086096871,16,16,16,6050,First outcome only,3,388020256,1001
1,2086096871,16,16,16,6050,Requiring 365 days naive period,4,388020256,1001
1,2086096871,16,16,16,6050,Restrict to age >= 18,5,388020256,1001
1,2086096871,16,16,16,6050,"Restricting gender to concept(s) 8507, 8532",6,388020256,1001
1,2086096871,16,16,16,6050,Having at least one covariate,7,388020256,1001
1,1175547711,479,479,479,10352430,All outcome occurrences,1,388020256,1001
1,1175547711,16,16,16,6050,Outcomes in study period(s),2,388020256,1001
1,1175547711,16,16,16,6050,First outcome only,3,388020256,1001
1,1175547711,16,16,16,6050,Requiring 365 days naive period,4,388020256,1001
1,1175547711,16,16,16,6050,Restrict to age >= 18,5,388020256,1001
1,1175547711,16,16,16,6050,"Restricting gender to concept(s) 8507, 8532",6,388020256,1001
1,1175547711,16,16,16,6050,Having at least one covariate,7,388020256,1001
1,1363491845,0,0,0,0,All outcome occurrences,1,388020256,1001
1,1363491845,0,0,0,0,Outcomes in study period(s),2,388020256,1001
1,1363491845,0,0,0,0,Having the covariate of interest,3,388020256,1001
1,-1809103071,0,0,0,0,All outcome occurrences,1,388020256,1001
1,-1809103071,0,0,0,0,Outcomes in study period(s),2,388020256,1001
1,-1809103071,0,0,0,0,Having the covariate of interest,3,388020256,1001
1,611715686,0,0,0,0,All outcome occurrences,1,388020256,1001
1,611715686,0,0,0,0,Outcomes in study period(s),2,388020256,1001
1,611715686,0,0,0,0,Having the covariate of interest,3,388020256,1001
1,1481734170,0,0,0,0,All outcome occurrences,1,388020256,1001
1,1481734170,0,0,0,0,Outcomes in study period(s),2,388020256,1001
1,1481734170,0,0,0,0,Having the covariate of interest,3,388020256,1001
1,-803379540,77,77,77,1840207,All outcome occurrences,1,388020256,1001
1,-803379540,-5,-5,-5,563,Outcomes in study period(s),2,388020256,1001
1,-803379540,-5,-5,-5,563,First outcome only,3,388020256,1001
1,-803379540,-5,-5,-5,563,Requiring 365 days naive period,4,388020256,1001
1,-803379540,-5,-5,-5,563,Restrict to age >= 18,5,388020256,1001
1,-803379540,-5,-5,-5,563,"Restricting gender to concept(s) 8507, 8532",6,388020256,1001
1,-803379540,0,0,0,0,Having at least one covariate,7,388020256,1001
1,-803379540,0,0,0,0,Having the covariate of interest,8,388020256,1001
1,1417782244,77,77,77,1840207,All outcome occurrences,1,388020256,1001
1,1417782244,-5,-5,-5,563,Outcomes in study period(s),2,388020256,1001
1,1417782244,-5,-5,-5,563,First outcome only,3,388020256,1001
1,1417782244,-5,-5,-5,563,Requiring 365 days naive period,4,388020256,1001
1,1417782244,-5,-5,-5,563,Restrict to age >= 18,5,388020256,1001
1,1417782244,-5,-5,-5,563,"Restricting gender to concept(s) 8507, 8532",6,388020256,1001
1,1417782244,0,0,0,0,Having at least one covariate,7,388020256,1001
1,1417782244,0,0,0,0,Having the covariate of interest,8,388020256,1001
1,749857149,0,0,0,0,All outcome occurrences,1,388020256,1001
1,749857149,0,0,0,0,Outcomes in study period(s),2,388020256,1001
1,749857149,0,0,0,0,Having the covariate of interest,3,388020256,1001
1,-1415697211,0,0,0,0,All outcome occurrences,1,388020256,1001
1,-1415697211,0,0,0,0,Outcomes in study period(s),2,388020256,1001
1,-1415697211,0,0,0,0,Having the covariate of interest,3,388020256,1001
1,-1275500325,0,0,0,0,All outcome occurrences,1,388020256,1001
1,-1275500325,0,0,0,0,Outcomes in study period(s),2,388020256,1001
1,-1275500325,0,0,0,0,Having the covariate of interest,3,388020256,1001
1,-1041096516,0,0,0,0,All outcome occurrences,1,388020256,1001
1,-1041096516,0,0,0,0,Outcomes in study period(s),2,388020256,1001
1,-1041096516,0,0,0,0,Having the covariate of interest,3,388020256,1001
1,54016416,479,479,479,10352430,All outcome occurrences,1,388020256,1001
1,54016416,16,16,16,6050,Outcomes in study period(s),2,388020256,1001
1,54016416,16,16,16,6050,First outcome only,3,388020256,1001
1,54016416,16,16,16,6050,Requiring 365 days naive period,4,388020256,1001
1,54016416,16,16,16,6050,Restrict to age >= 18,5,388020256,1001
1,54016416,16,16,16,6050,"Restricting gender to concept(s) 8507, 8532",6,388020256,1001
1,54016416,16,16,16,6050,Having at least one covariate,7,388020256,1001
1,626491965,479,479,479,10352430,All outcome occurrences,1,388020256,1001
1,626491965,16,16,16,6050,Outcomes in study period(s),2,388020256,1001
1,626491965,16,16,16,6050,First outcome only,3,388020256,1001
1,626491965,16,16,16,6050,Requiring 365 days naive period,4,388020256,1001
1,626491965,16,16,16,6050,Restrict to age >= 18,5,388020256,1001
1,626491965,16,16,16,6050,"Restricting gender to concept(s) 8507, 8532",6,388020256,1001
1,626491965,16,16,16,6050,Having at least one covariate,7,388020256,1001
1,-1418366105,0,0,0,0,All outcome occurrences,1,388020256,1001
1,-1418366105,0,0,0,0,Outcomes in study period(s),2,388020256,1001
1,-1418366105,0,0,0,0,Having the covariate of interest,3,388020256,1001
1,-436233124,0,0,0,0,All outcome occurrences,1,388020256,1001
1,-436233124,0,0,0,0,Outcomes in study period(s),2,388020256,1001
1,-436233124,0,0,0,0,Having the covariate of interest,3,388020256,1001
1,-234230543,0,0,0,0,All outcome occurrences,1,388020256,1001
1,-234230543,0,0,0,0,Outcomes in study period(s),2,388020256,1001
1,-234230543,0,0,0,0,Having the covariate of interest,3,388020256,1001
1,-379955772,0,0,0,0,All outcome occurrences,1,388020256,1001
1,-379955772,0,0,0,0,Outcomes in study period(s),2,388020256,1001
1,-379955772,0,0,0,0,Having the covariate of interest,3,388020256,1001
1,1960252844,0,0,0,0,All outcome occurrences,1,388020256,1001
1,1960252844,0,0,0,0,Outcomes in study period(s),2,388020256,1001
1,1960252844,0,0,0,0,Having the covariate of interest,3,388020256,1001
1,-291025763,0,0,0,0,All outcome occurrences,1,388020256,1001
1,-291025763,0,0,0,0,Outcomes in study period(s),2,388020256,1001
1,-291025763,0,0,0,0,Having the covariate of interest,3,388020256,1001
1,-216132252,0,0,0,0,All outcome occurrences,1,388020256,1001
1,-216132252,0,0,0,0,Outcomes in study period(s),2,388020256,1001
1,-216132252,0,0,0,0,Having the covariate of interest,3,388020256,1001
1,812964729,0,0,0,0,All outcome occurrences,1,388020256,1001
1,812964729,0,0,0,0,Outcomes in study period(s),2,388020256,1001
1,812964729,0,0,0,0,Having the covariate of interest,3,388020256,1001
1,137341869,0,0,0,0,All outcome occurrences,1,388020256,1001
1,137341869,0,0,0,0,Outcomes in study period(s),2,388020256,1001
1,137341869,0,0,0,0,Having the covariate of interest,3,388020256,1001
1,-1433159026,0,0,0,0,All outcome occurrences,1,388020256,1001
1,-1433159026,0,0,0,0,Outcomes in study period(s),2,388020256,1001
1,-1433159026,0,0,0,0,Having the covariate of interest,3,388020256,1001
1,1373330230,0,0,0,0,All outcome occurrences,1,388020256,1001
1,1373330230,0,0,0,0,Outcomes in study period(s),2,388020256,1001
1,1373330230,0,0,0,0,Having the covariate of interest,3,388020256,1001
1,663236582,0,0,0,0,All outcome occurrences,1,388020256,1001
1,663236582,0,0,0,0,Outcomes in study period(s),2,388020256,1001
1,663236582,0,0,0,0,Having the covariate of interest,3,388020256,1001
1,1886155020,0,0,0,0,All outcome occurrences,1,388020256,1001
1,1886155020,0,0,0,0,Outcomes in study period(s),2,388020256,1001
1,1886155020,0,0,0,0,Having the covariate of interest,3,388020256,1001
1,1753145967,0,0,0,0,All outcome occurrences,1,388020256,1001
1,1753145967,0,0,0,0,Outcomes in study period(s),2,388020256,1001
1,1753145967,0,0,0,0,Having the covariate of interest,3,388020256,1001
1,899667811,462,462,462,10413876,All outcome occurrences,1,388020256,1001
1,899667811,8,8,8,3506,Outcomes in study period(s),2,388020256,1001
1,899667811,8,8,8,3506,First outcome only,3,388020256,1001
1,899667811,8,8,8,3506,Requiring 365 days naive period,4,388020256,1001
1,899667811,8,8,8,3506,Restrict to age >= 18,5,388020256,1001
1,899667811,8,8,8,3506,"Restricting gender to concept(s) 8507, 8532",6,388020256,1001
1,899667811,8,8,8,3506,Having at least one covariate,7,388020256,1001
1,1991423175,462,462,462,10413876,All outcome occurrences,1,388020256,1001
1,1991423175,8,8,8,3506,Outcomes in study period(s),2,388020256,1001
1,1991423175,8,8,8,3506,First outcome only,3,388020256,1001
1,1991423175,8,8,8,3506,Requiring 365 days naive period,4,388020256,1001
1,1991423175,8,8,8,3506,Restrict to age >= 18,5,388020256,1001
1,1991423175,8,8,8,3506,"Restricting gender to concept(s) 8507, 8532",6,388020256,1001
1,1991423175,8,8,8,3506,Having at least one covariate,7,388020256,1001
1,-925451329,0,0,0,0,All outcome occurrences,1,388020256,1001
1,-925451329,0,0,0,0,Outcomes in study period(s),2,388020256,1001
1,-925451329,0,0,0,0,Having the covariate of interest,3,388020256,1001
1,-564663276,0,0,0,0,All outcome occurrences,1,388020256,1001
1,-564663276,0,0,0,0,Outcomes in study period(s),2,388020256,1001
1,-564663276,0,0,0,0,Having the covariate of interest,3,388020256,1001
1,494354419,0,0,0,0,All outcome occurrences,1,388020256,1001
1,494354419,0,0,0,0,Outcomes in study period(s),2,388020256,1001
1,494354419,0,0,0,0,Having the covariate of interest,3,388020256,1001
1,1648537968,0,0,0,0,All outcome occurrences,1,388020256,1001
1,1648537968,0,0,0,0,Outcomes in study period(s),2,388020256,1001
1,1648537968,0,0,0,0,Having the covariate of interest,3,388020256,1001
1,1530280584,0,0,0,0,All outcome occurrences,1,388020256,1001
1,1530280584,0,0,0,0,Outcomes in study period(s),2,388020256,1001
1,1530280584,0,0,0,0,Having the covariate of interest,3,388020256,1001
1,70147923,0,0,0,0,All outcome occurrences,1,388020256,1001
1,70147923,0,0,0,0,Outcomes in study period(s),2,388020256,1001
1,70147923,0,0,0,0,Having the covariate of interest,3,388020256,1001
1,-255856791,0,0,0,0,All outcome occurrences,1,388020256,1001
1,-255856791,0,0,0,0,Outcomes in study period(s),2,388020256,1001
1,-255856791,0,0,0,0,Having the covariate of interest,3,388020256,1001
1,1236508577,0,0,0,0,All outcome occurrences,1,388020256,1001
1,1236508577,0,0,0,0,Outcomes in study period(s),2,388020256,1001
1,1236508577,0,0,0,0,Having the covariate of interest,3,388020256,1001
1,681455821,0,0,0,0,All outcome occurrences,1,388020256,1001
1,681455821,0,0,0,0,Outcomes in study period(s),2,388020256,1001
1,681455821,0,0,0,0,Having the covariate of interest,3,388020256,1001
1,347391116,0,0,0,0,All outcome occurrences,1,388020256,1001
1,347391116,0,0,0,0,Outcomes in study period(s),2,388020256,1001
1,347391116,0,0,0,0,Having the covariate of interest,3,388020256,1001
1,-1005517465,0,0,0,0,All outcome occurrences,1,388020256,1001
1,-1005517465,0,0,0,0,Outcomes in study period(s),2,388020256,1001
1,-1005517465,0,0,0,0,Having the covariate of interest,3,388020256,1001
1,-1902416302,0,0,0,0,All outcome occurrences,1,388020256,1001
1,-1902416302,0,0,0,0,Outcomes in study period(s),2,388020256,1001
1,-1902416302,0,0,0,0,Having the covariate of interest,3,388020256,1001
1,111816778,0,0,0,0,All outcome occurrences,1,388020256,1001
1,111816778,0,0,0,0,Outcomes in study period(s),2,388020256,1001
1,111816778,0,0,0,0,Having the covariate of interest,3,388020256,1001
1,432331294,0,0,0,0,All outcome occurrences,1,388020256,1001
1,432331294,0,0,0,0,Outcomes in study period(s),2,388020256,1001
1,432331294,0,0,0,0,Having the covariate of interest,3,388020256,1001
1,139771771,0,0,0,0,All outcome occurrences,1,388020256,1001
1,139771771,0,0,0,0,Outcomes in study period(s),2,388020256,1001
1,139771771,0,0,0,0,Having the covariate of interest,3,388020256,1001
1,253962597,0,0,0,0,All outcome occurrences,1,388020256,1001
1,253962597,0,0,0,0,Outcomes in study period(s),2,388020256,1001
1,253962597,0,0,0,0,Having the covariate of interest,3,388020256,1001
1,-1219959310,0,0,0,0,All outcome occurrences,1,388020256,1001
1,-1219959310,0,0,0,0,Outcomes in study period(s),2,388020256,1001
1,-1219959310,0,0,0,0,Having the covariate of interest,3,388020256,1001
1,206426368,0,0,0,0,All outcome occurrences,1,388020256,1001
1,206426368,0,0,0,0,Outcomes in study period(s),2,388020256,1001
1,206426368,0,0,0,0,Having the covariate of interest,3,388020256,1001
1,1516108198,0,0,0,0,All outcome occurrences,1,388020256,1001
1,1516108198,0,0,0,0,Outcomes in study period(s),2,388020256,1001
1,1516108198,0,0,0,0,Having the covariate of interest,3,388020256,1001
1,748493720,0,0,0,0,All outcome occurrences,1,388020256,1001
1,748493720,0,0,0,0,Outcomes in study period(s),2,388020256,1001
1,748493720,0,0,0,0,Having the covariate of interest,3,388020256,1001
1,1021723726,0,0,0,0,All outcome occurrences,1,388020256,1001
1,1021723726,0,0,0,0,Outcomes in study period(s),2,388020256,1001
1,1021723726,0,0,0,0,Having the covariate of interest,3,388020256,1001
1,486227049,0,0,0,0,All outcome occurrences,1,388020256,1001
1,486227049,0,0,0,0,Outcomes in study period(s),2,388020256,1001
1,486227049,0,0,0,0,Having the covariate of interest,3,388020256,1001
1,-825481540,0,0,0,0,All outcome occurrences,1,388020256,1001
1,-825481540,0,0,0,0,Outcomes in study period(s),2,388020256,1001
1,-825481540,0,0,0,0,Having the covariate of interest,3,388020256,1001
1,1123350448,0,0,0,0,All outcome occurrences,1,388020256,1001
1,1123350448,0,0,0,0,Outcomes in study period(s),2,388020256,1001
1,1123350448,0,0,0,0,Having the covariate of interest,3,388020256,1001
1,-1773729560,0,0,0,0,All outcome occurrences,1,388020256,1001
1,-1773729560,0,0,0,0,Outcomes in study period(s),2,388020256,1001
1,-1773729560,0,0,0,0,Having the covariate of interest,3,388020256,1001
1,551598143,0,0,0,0,All outcome occurrences,1,388020256,1001
1,551598143,0,0,0,0,Outcomes in study period(s),2,388020256,1001
1,551598143,0,0,0,0,Having the covariate of interest,3,388020256,1001
1,-1342905078,0,0,0,0,All outcome occurrences,1,388020256,1001
1,-1342905078,0,0,0,0,Outcomes in study period(s),2,388020256,1001
1,-1342905078,0,0,0,0,Having the covariate of interest,3,388020256,1001
1,-1499398991,0,0,0,0,All outcome occurrences,1,388020256,1001
1,-1499398991,0,0,0,0,Outcomes in study period(s),2,388020256,1001
1,-1499398991,0,0,0,0,Having the covariate of interest,3,388020256,1001
1,682701527,0,0,0,0,All outcome occurrences,1,388020256,1001
1,682701527,0,0,0,0,Outcomes in study period(s),2,388020256,1001
1,682701527,0,0,0,0,Having the covariate of interest,3,388020256,1001
1,-1834124920,0,0,0,0,All outcome occurrences,1,388020256,1001
1,-1834124920,0,0,0,0,Outcomes in study period(s),2,388020256,1001
1,-1834124920,0,0,0,0,Having the covariate of interest,3,388020256,1001
1,-129258866,0,0,0,0,All outcome occurrences,1,388020256,1001
1,-129258866,0,0,0,0,Outcomes in study period(s),2,388020256,1001
1,-129258866,0,0,0,0,Having the covariate of interest,3,388020256,1001
1,1444278581,0,0,0,0,All outcome occurrences,1,388020256,1001
1,1444278581,0,0,0,0,Outcomes in study period(s),2,388020256,1001
1,1444278581,0,0,0,0,Having the covariate of interest,3,388020256,1001
1,2003868324,168,168,168,3357593,All outcome occurrences,1,388020256,1001
1,2003868324,0,0,0,0,Outcomes in study period(s),2,388020256,1001
1,2003868324,0,0,0,0,Having the covariate of interest,3,388020256,1001
1,2032493170,168,168,168,3357593,All outcome occurrences,1,388020256,1001
1,2032493170,0,0,0,0,Outcomes in study period(s),2,388020256,1001
1,2032493170,0,0,0,0,Having the covariate of interest,3,388020256,1001
1,252613918,0,0,0,0,All outcome occurrences,1,388020256,1001
1,252613918,0,0,0,0,Outcomes in study period(s),2,388020256,1001
1,252613918,0,0,0,0,Having the covariate of interest,3,388020256,1001
1,2071710466,0,0,0,0,All outcome occurrences,1,388020256,1001
1,2071710466,0,0,0,0,Outcomes in study period(s),2,388020256,1001
1,2071710466,0,0,0,0,Having the covariate of interest,3,388020256,1001
1,907965210,0,0,0,0,All outcome occurrences,1,388020256,1001
1,907965210,0,0,0,0,Outcomes in study period(s),2,388020256,1001
1,907965210,0,0,0,0,Having the covariate of interest,3,388020256,1001
1,373045479,0,0,0,0,All outcome occurrences,1,388020256,1001
1,373045479,0,0,0,0,Outcomes in study period(s),2,388020256,1001
1,373045479,0,0,0,0,Having the covariate of interest,3,388020256,1001
1,-1691998508,0,0,0,0,All outcome occurrences,1,388020256,1001
1,-1691998508,0,0,0,0,Outcomes in study period(s),2,388020256,1001
1,-1691998508,0,0,0,0,Having the covariate of interest,3,388020256,1001
1,-1305258515,0,0,0,0,All outcome occurrences,1,388020256,1001
1,-1305258515,0,0,0,0,Outcomes in study period(s),2,388020256,1001
1,-1305258515,0,0,0,0,Having the covariate of interest,3,388020256,1001
1,-1276756485,0,0,0,0,All outcome occurrences,1,388020256,1001
1,-1276756485,0,0,0,0,Outcomes in study period(s),2,388020256,1001
1,-1276756485,0,0,0,0,Having the covariate of interest,3,388020256,1001
1,1503050462,0,0,0,0,All outcome occurrences,1,388020256,1001
1,1503050462,0,0,0,0,Outcomes in study period(s),2,388020256,1001
1,1503050462,0,0,0,0,Having the covariate of interest,3,388020256,1001
1,682782490,0,0,0,0,All outcome occurrences,1,388020256,1001
1,682782490,0,0,0,0,Outcomes in study period(s),2,388020256,1001
1,682782490,0,0,0,0,Having the covariate of interest,3,388020256,1001
1,-2022764731,0,0,0,0,All outcome occurrences,1,388020256,1001
1,-2022764731,0,0,0,0,Outcomes in study period(s),2,388020256,1001
1,-2022764731,0,0,0,0,Having the covariate of interest,3,388020256,1001
