exposures_outcome_set_id,analysis_id,era_type,era_id,era_name,database_id
2086096871,1,rx,1,Exposure cohort 1,388020256
2086096871,1,rx,2,Exposure cohort 2,388020256
2086096871,1,hoi,3,Outcome cohort 3,388020256
1175547711,1,rx,1,Exposure cohort 1,388020256
1175547711,1,rx,2,Exposure cohort 2,388020256
1175547711,1,hoi,3,Outcome cohort 3,388020256
-803379540,1,rx,1,Exposure cohort 1,388020256
-803379540,1,rx,2,Exposure cohort 2,388020256
-803379540,1,hoi,111,Outcome cohort 111,388020256
1417782244,1,rx,1,Exposure cohort 1,388020256
1417782244,1,rx,2,Exposure cohort 2,388020256
1417782244,1,hoi,111,Outcome cohort 111,388020256
54016416,1,rx,1,Exposure cohort 1,388020256
54016416,1,rx,2,Exposure cohort 2,388020256
54016416,1,hoi,114,Outcome cohort 114,388020256
626491965,1,rx,1,Exposure cohort 1,388020256
626491965,1,rx,2,Exposure cohort 2,388020256
626491965,1,hoi,114,Outcome cohort 114,388020256
899667811,1,rx,1,Exposure cohort 1,388020256
899667811,1,rx,2,Exposure cohort 2,388020256
899667811,1,hoi,121,Outcome cohort 121,388020256
1991423175,1,rx,1,Exposure cohort 1,388020256
1991423175,1,rx,2,Exposure cohort 2,388020256
1991423175,1,hoi,121,Outcome cohort 121,388020256
2003868324,1,rx,1,Exposure cohort 1,388020256
2003868324,1,rx,2,Exposure cohort 2,388020256
2003868324,1,hoi,103,Outcome cohort 103,388020256
2032493170,1,rx,1,Exposure cohort 1,388020256
2032493170,1,rx,2,Exposure cohort 2,388020256
2032493170,1,hoi,103,Outcome cohort 103,388020256
