analysis_id,exposures_outcome_set_id,covariate_analysis_id,covariate_id,covariate_name,era_id,database_id
1,2086096871,NA,300,Calendar time spline component 1,0,388020256
1,2086096871,NA,301,Calendar time spline component 2,0,388020256
1,2086096871,NA,302,Calendar time spline component 3,0,388020256
1,2086096871,NA,303,Calendar time spline component 4,0,388020256
1,2086096871,NA,304,Calendar time spline component 5,0,388020256
1,2086096871,1,1000,Pre-exposure,1,388020256
1,2086096871,2,1001,Main,1,388020256
1,1175547711,NA,300,Calendar time spline component 1,0,388020256
1,1175547711,NA,301,Calendar time spline component 2,0,388020256
1,1175547711,NA,302,Calendar time spline component 3,0,388020256
1,1175547711,NA,303,Calendar time spline component 4,0,388020256
1,1175547711,NA,304,Calendar time spline component 5,0,388020256
1,1175547711,1,1000,Pre-exposure,2,388020256
1,1175547711,2,1001,Main,2,388020256
1,-803379540,1,1000,Pre-exposure,1,388020256
1,-803379540,2,1001,Main,1,388020256
1,1417782244,1,1000,Pre-exposure,2,388020256
1,1417782244,2,1001,Main,2,388020256
1,54016416,NA,300,Calendar time spline component 1,0,388020256
1,54016416,NA,301,Calendar time spline component 2,0,388020256
1,54016416,NA,302,Calendar time spline component 3,0,388020256
1,54016416,NA,303,Calendar time spline component 4,0,388020256
1,54016416,NA,304,Calendar time spline component 5,0,388020256
1,54016416,1,1000,Pre-exposure,1,388020256
1,54016416,2,1001,Main,1,388020256
1,626491965,NA,300,Calendar time spline component 1,0,388020256
1,626491965,NA,301,Calendar time spline component 2,0,388020256
1,626491965,NA,302,Calendar time spline component 3,0,388020256
1,626491965,NA,303,Calendar time spline component 4,0,388020256
1,626491965,NA,304,Calendar time spline component 5,0,388020256
1,626491965,1,1000,Pre-exposure,2,388020256
1,626491965,2,1001,Main,2,388020256
1,899667811,NA,300,Calendar time spline component 1,0,388020256
1,899667811,NA,301,Calendar time spline component 2,0,388020256
1,899667811,NA,302,Calendar time spline component 3,0,388020256
1,899667811,NA,303,Calendar time spline component 4,0,388020256
1,899667811,NA,304,Calendar time spline component 5,0,388020256
1,899667811,1,1000,Pre-exposure,1,388020256
1,899667811,2,1001,Main,1,388020256
1,1991423175,NA,300,Calendar time spline component 1,0,388020256
1,1991423175,NA,301,Calendar time spline component 2,0,388020256
1,1991423175,NA,302,Calendar time spline component 3,0,388020256
1,1991423175,NA,303,Calendar time spline component 4,0,388020256
1,1991423175,NA,304,Calendar time spline component 5,0,388020256
1,1991423175,1,1000,Pre-exposure,2,388020256
1,1991423175,2,1001,Main,2,388020256
