analysis_id,exposures_outcome_set_id,knot_month,rr,database_id,spline_type
1,2086096871,24215,NA,388020256,calendar time
1,2086096871,24218,NA,388020256,calendar time
1,2086096871,24222,NA,388020256,calendar time
1,2086096871,24226,NA,388020256,calendar time
1,2086096871,24232,NA,388020256,calendar time
1,1175547711,24215,NA,388020256,calendar time
1,1175547711,24218,NA,388020256,calendar time
1,1175547711,24222,NA,388020256,calendar time
1,1175547711,24226,NA,388020256,calendar time
1,1175547711,24232,NA,388020256,calendar time
1,54016416,24215,NA,388020256,calendar time
1,54016416,24218,NA,388020256,calendar time
1,54016416,24222,NA,388020256,calendar time
1,54016416,24226,NA,388020256,calendar time
1,54016416,24232,NA,388020256,calendar time
1,626491965,24215,NA,388020256,calendar time
1,626491965,24218,NA,388020256,calendar time
1,626491965,24222,NA,388020256,calendar time
1,626491965,24226,NA,388020256,calendar time
1,626491965,24232,NA,388020256,calendar time
1,899667811,24215,NA,388020256,calendar time
1,899667811,24218,NA,388020256,calendar time
1,899667811,24222,NA,388020256,calendar time
1,899667811,24226,NA,388020256,calendar time
1,899667811,24233,NA,388020256,calendar time
1,1991423175,24215,NA,388020256,calendar time
1,1991423175,24218,NA,388020256,calendar time
1,1991423175,24222,NA,388020256,calendar time
1,1991423175,24226,NA,388020256,calendar time
1,1991423175,24233,NA,388020256,calendar time
