exposures_outcome_set_id,analysis_id,covariate_id,ease,mdrr,time_trend_p,pre_exposure_p,database_id,ease_diagnostic,mdrr_diagnostic,time_trend_diagnostic,pre_exposure_diagnostic,unblind,unblind_for_evidence_synthesis
2086096871,1,1001,NA,Inf,0.07224000317487846,0.9997199655445683,388020256,NOT EVALUATED,PASS,PASS,PASS,1,1
1175547711,1,1001,NA,Inf,0.07224000317487846,NA,388020256,NOT EVALUATED,PASS,PASS,NOT EVALUATED,1,1
1363491845,1,1001,NA,Inf,1,NA,388020256,NOT EVALUATED,PASS,PASS,NOT EVALUATED,1,1
-1809103071,1,1001,NA,Inf,1,NA,388020256,NOT EVALUATED,PASS,PASS,NOT EVALUATED,1,1
611715686,1,1001,NA,Inf,1,NA,388020256,NOT EVALUATED,PASS,PASS,NOT EVALUATED,1,1
1481734170,1,1001,NA,Inf,1,NA,388020256,NOT EVALUATED,PASS,PASS,NOT EVALUATED,1,1
-803379540,1,1001,NA,Inf,1,NA,388020256,NOT EVALUATED,PASS,PASS,NOT EVALUATED,1,1
1417782244,1,1001,NA,Inf,1,NA,388020256,NOT EVALUATED,PASS,PASS,NOT EVALUATED,1,1
749857149,1,1001,NA,Inf,1,NA,388020256,NOT EVALUATED,PASS,PASS,NOT EVALUATED,1,1
-1415697211,1,1001,NA,Inf,1,NA,388020256,NOT EVALUATED,PASS,PASS,NOT EVALUATED,1,1
-1275500325,1,1001,NA,Inf,1,NA,388020256,NOT EVALUATED,PASS,PASS,NOT EVALUATED,1,1
-1041096516,1,1001,NA,Inf,1,NA,388020256,NOT EVALUATED,PASS,PASS,NOT EVALUATED,1,1
54016416,1,1001,NA,Inf,0.07224000317487846,0.9997199655445683,388020256,NOT EVALUATED,PASS,PASS,PASS,1,1
626491965,1,1001,NA,Inf,0.07224000317487846,NA,388020256,NOT EVALUATED,PASS,PASS,NOT EVALUATED,1,1
-1418366105,1,1001,NA,Inf,1,NA,388020256,NOT EVALUATED,PASS,PASS,NOT EVALUATED,1,1
-436233124,1,1001,NA,Inf,1,NA,388020256,NOT EVALUATED,PASS,PASS,NOT EVALUATED,1,1
-234230543,1,1001,NA,Inf,1,NA,388020256,NOT EVALUATED,PASS,PASS,NOT EVALUATED,1,1
-379955772,1,1001,NA,Inf,1,NA,388020256,NOT EVALUATED,PASS,PASS,NOT EVALUATED,1,1
1960252844,1,1001,NA,Inf,1,NA,388020256,NOT EVALUATED,PASS,PASS,NOT EVALUATED,1,1
-291025763,1,1001,NA,Inf,1,NA,388020256,NOT EVALUATED,PASS,PASS,NOT EVALUATED,1,1
-216132252,1,1001,NA,Inf,1,NA,388020256,NOT EVALUATED,PASS,PASS,NOT EVALUATED,1,1
812964729,1,1001,NA,Inf,1,NA,388020256,NOT EVALUATED,PASS,PASS,NOT EVALUATED,1,1
137341869,1,1001,NA,Inf,1,NA,388020256,NOT EVALUATED,PASS,PASS,NOT EVALUATED,1,1
-1433159026,1,1001,NA,Inf,1,NA,388020256,NOT EVALUATED,PASS,PASS,NOT EVALUATED,1,1
1373330230,1,1001,NA,Inf,1,NA,388020256,NOT EVALUATED,PASS,PASS,NOT EVALUATED,1,1
663236582,1,1001,NA,Inf,1,NA,388020256,NOT EVALUATED,PASS,PASS,NOT EVALUATED,1,1
1886155020,1,1001,NA,Inf,1,NA,388020256,NOT EVALUATED,PASS,PASS,NOT EVALUATED,1,1
1753145967,1,1001,NA,Inf,1,NA,388020256,NOT EVALUATED,PASS,PASS,NOT EVALUATED,1,1
899667811,1,1001,NA,Inf,0.013773287102326726,NA,388020256,NOT EVALUATED,PASS,FAIL,NOT EVALUATED,0,0
1991423175,1,1001,NA,Inf,0.013773287102326726,NA,388020256,NOT EVALUATED,PASS,FAIL,NOT EVALUATED,0,0
-925451329,1,1001,NA,Inf,1,NA,388020256,NOT EVALUATED,PASS,PASS,NOT EVALUATED,1,1
-564663276,1,1001,NA,Inf,1,NA,388020256,NOT EVALUATED,PASS,PASS,NOT EVALUATED,1,1
494354419,1,1001,NA,Inf,1,NA,388020256,NOT EVALUATED,PASS,PASS,NOT EVALUATED,1,1
1648537968,1,1001,NA,Inf,1,NA,388020256,NOT EVALUATED,PASS,PASS,NOT EVALUATED,1,1
1530280584,1,1001,NA,Inf,1,NA,388020256,NOT EVALUATED,PASS,PASS,NOT EVALUATED,1,1
70147923,1,1001,NA,Inf,1,NA,388020256,NOT EVALUATED,PASS,PASS,NOT EVALUATED,1,1
-255856791,1,1001,NA,Inf,1,NA,388020256,NOT EVALUATED,PASS,PASS,NOT EVALUATED,1,1
1236508577,1,1001,NA,Inf,1,NA,388020256,NOT EVALUATED,PASS,PASS,NOT EVALUATED,1,1
681455821,1,1001,NA,Inf,1,NA,388020256,NOT EVALUATED,PASS,PASS,NOT EVALUATED,1,1
347391116,1,1001,NA,Inf,1,NA,388020256,NOT EVALUATED,PASS,PASS,NOT EVALUATED,1,1
-1005517465,1,1001,NA,Inf,1,NA,388020256,NOT EVALUATED,PASS,PASS,NOT EVALUATED,1,1
-1902416302,1,1001,NA,Inf,1,NA,388020256,NOT EVALUATED,PASS,PASS,NOT EVALUATED,1,1
111816778,1,1001,NA,Inf,1,NA,388020256,NOT EVALUATED,PASS,PASS,NOT EVALUATED,1,1
432331294,1,1001,NA,Inf,1,NA,388020256,NOT EVALUATED,PASS,PASS,NOT EVALUATED,1,1
139771771,1,1001,NA,Inf,1,NA,388020256,NOT EVALUATED,PASS,PASS,NOT EVALUATED,1,1
253962597,1,1001,NA,Inf,1,NA,388020256,NOT EVALUATED,PASS,PASS,NOT EVALUATED,1,1
-1219959310,1,1001,NA,Inf,1,NA,388020256,NOT EVALUATED,PASS,PASS,NOT EVALUATED,1,1
206426368,1,1001,NA,Inf,1,NA,388020256,NOT EVALUATED,PASS,PASS,NOT EVALUATED,1,1
1516108198,1,1001,NA,Inf,1,NA,388020256,NOT EVALUATED,PASS,PASS,NOT EVALUATED,1,1
748493720,1,1001,NA,Inf,1,NA,388020256,NOT EVALUATED,PASS,PASS,NOT EVALUATED,1,1
1021723726,1,1001,NA,Inf,1,NA,388020256,NOT EVALUATED,PASS,PASS,NOT EVALUATED,1,1
486227049,1,1001,NA,Inf,1,NA,388020256,NOT EVALUATED,PASS,PASS,NOT EVALUATED,1,1
-825481540,1,1001,NA,Inf,1,NA,388020256,NOT EVALUATED,PASS,PASS,NOT EVALUATED,1,1
1123350448,1,1001,NA,Inf,1,NA,388020256,NOT EVALUATED,PASS,PASS,NOT EVALUATED,1,1
-1773729560,1,1001,NA,Inf,1,NA,388020256,NOT EVALUATED,PASS,PASS,NOT EVALUATED,1,1
551598143,1,1001,NA,Inf,1,NA,388020256,NOT EVALUATED,PASS,PASS,NOT EVALUATED,1,1
-1342905078,1,1001,NA,Inf,1,NA,388020256,NOT EVALUATED,PASS,PASS,NOT EVALUATED,1,1
-1499398991,1,1001,NA,Inf,1,NA,388020256,NOT EVALUATED,PASS,PASS,NOT EVALUATED,1,1
682701527,1,1001,NA,Inf,1,NA,388020256,NOT EVALUATED,PASS,PASS,NOT EVALUATED,1,1
-1834124920,1,1001,NA,Inf,1,NA,388020256,NOT EVALUATED,PASS,PASS,NOT EVALUATED,1,1
-129258866,1,1001,NA,Inf,1,NA,388020256,NOT EVALUATED,PASS,PASS,NOT EVALUATED,1,1
1444278581,1,1001,NA,Inf,1,NA,388020256,NOT EVALUATED,PASS,PASS,NOT EVALUATED,1,1
2003868324,1,1001,NA,Inf,1,NA,388020256,NOT EVALUATED,PASS,PASS,NOT EVALUATED,1,1
2032493170,1,1001,NA,Inf,1,NA,388020256,NOT EVALUATED,PASS,PASS,NOT EVALUATED,1,1
252613918,1,1001,NA,Inf,1,NA,388020256,NOT EVALUATED,PASS,PASS,NOT EVALUATED,1,1
2071710466,1,1001,NA,Inf,1,NA,388020256,NOT EVALUATED,PASS,PASS,NOT EVALUATED,1,1
907965210,1,1001,NA,Inf,1,NA,388020256,NOT EVALUATED,PASS,PASS,NOT EVALUATED,1,1
373045479,1,1001,NA,Inf,1,NA,388020256,NOT EVALUATED,PASS,PASS,NOT EVALUATED,1,1
-1691998508,1,1001,NA,Inf,1,NA,388020256,NOT EVALUATED,PASS,PASS,NOT EVALUATED,1,1
-1305258515,1,1001,NA,Inf,1,NA,388020256,NOT EVALUATED,PASS,PASS,NOT EVALUATED,1,1
-1276756485,1,1001,NA,Inf,1,NA,388020256,NOT EVALUATED,PASS,PASS,NOT EVALUATED,1,1
1503050462,1,1001,NA,Inf,1,NA,388020256,NOT EVALUATED,PASS,PASS,NOT EVALUATED,1,1
682782490,1,1001,NA,Inf,1,NA,388020256,NOT EVALUATED,PASS,PASS,NOT EVALUATED,1,1
-2022764731,1,1001,NA,Inf,1,NA,388020256,NOT EVALUATED,PASS,PASS,NOT EVALUATED,1,1
