"setting_id","min_prior_observation","outcome_washout_days","risk_window_start","risk_window_end","start_anchor","end_anchor","case_pre_target_duration","case_post_outcome_duration","covariate_setting_json","case_covariate_setting_json","database_id"
"2025011519215437945757287",365,365,1,0,"cohort start","cohort end",365,365,"[
  {
    ""temporal"": false,
    ""temporalSequence"": false,
    ""DemographicsGender"": true,
    ""DemographicsAgeGroup"": true,
    ""DemographicsRace"": true,
    ""DemographicsEthnicity"": true,
    ""DemographicsIndexYear"": true,
    ""DemographicsIndexMonth"": true,
    ""ConditionGroupEraLongTerm"": true,
    ""ConditionGroupEraShortTerm"": true,
    ""DrugGroupEraLongTerm"": true,
    ""DrugGroupEraShortTerm"": true,
    ""DrugGroupEraOverlapping"": true,
    ""ProcedureOccurrenceLongTerm"": true,
    ""ProcedureOccurrenceShortTerm"": true,
    ""DeviceExposureLongTerm"": true,
    ""DeviceExposureShortTerm"": true,
    ""MeasurementLongTerm"": true,
    ""MeasurementShortTerm"": true,
    ""MeasurementRangeGroupLongTerm"": true,
    ""MeasurementRangeGroupShortTerm"": true,
    ""MeasurementValueAsConceptLongTerm"": true,
    ""MeasurementValueAsConceptShortTerm"": true,
    ""ObservationLongTerm"": true,
    ""ObservationShortTerm"": true,
    ""ObservationValueAsConceptLongTerm"": true,
    ""ObservationValueAsConceptShortTerm"": true,
    ""CharlsonIndex"": true,
    ""Dcsi"": true,
    ""Chads2"": true,
    ""Chads2Vasc"": true,
    ""includedCovariateConceptIds"": [],
    ""includedCovariateIds"": [],
    ""addDescendantsToInclude"": false,
    ""excludedCovariateConceptIds"": [],
    ""addDescendantsToExclude"": false,
    ""shortTermStartDays"": -30,
    ""mediumTermStartDays"": -180,
    ""endDays"": 0,
    ""longTermStartDays"": -365,
    ""attr_class"": ""covariateSettings"",
    ""attr_fun"": ""getDbDefaultCovariateData""
  }
]","[
  {
    ""temporal"": false,
    ""temporalSequence"": false,
    ""ConditionGroupEraDuring"": true,
    ""DrugGroupEraDuring"": true,
    ""ProcedureOccurrenceDuring"": true,
    ""DeviceExposureDuring"": true,
    ""MeasurementDuring"": true,
    ""ObservationDuring"": true,
    ""VisitConceptCountDuring"": true,
    ""includedCovariateConceptIds"": [],
    ""addDescendantsToInclude"": false,
    ""excludedCovariateConceptIds"": [],
    ""addDescendantsToExclude"": false,
    ""includedCovariateIds"": [],
    ""attr_class"": ""covariateSettings"",
    ""attr_fun"": ""Characterization::getDbDuringCovariateData""
  }
]","388020256"
"20250115192152308991712630",365,NA,NA,NA,NA,NA,NA,NA,"[
  {
    ""temporal"": false,
    ""temporalSequence"": false,
    ""DemographicsGender"": true,
    ""DemographicsAgeGroup"": true,
    ""DemographicsRace"": true,
    ""DemographicsEthnicity"": true,
    ""DemographicsIndexYear"": true,
    ""DemographicsIndexMonth"": true,
    ""ConditionGroupEraLongTerm"": true,
    ""ConditionGroupEraShortTerm"": true,
    ""DrugGroupEraLongTerm"": true,
    ""DrugGroupEraShortTerm"": true,
    ""DrugGroupEraOverlapping"": true,
    ""ProcedureOccurrenceLongTerm"": true,
    ""ProcedureOccurrenceShortTerm"": true,
    ""DeviceExposureLongTerm"": true,
    ""DeviceExposureShortTerm"": true,
    ""MeasurementLongTerm"": true,
    ""MeasurementShortTerm"": true,
    ""MeasurementRangeGroupLongTerm"": true,
    ""MeasurementRangeGroupShortTerm"": true,
    ""MeasurementValueAsConceptLongTerm"": true,
    ""MeasurementValueAsConceptShortTerm"": true,
    ""ObservationLongTerm"": true,
    ""ObservationShortTerm"": true,
    ""ObservationValueAsConceptLongTerm"": true,
    ""ObservationValueAsConceptShortTerm"": true,
    ""CharlsonIndex"": true,
    ""Dcsi"": true,
    ""Chads2"": true,
    ""Chads2Vasc"": true,
    ""includedCovariateConceptIds"": [],
    ""includedCovariateIds"": [],
    ""addDescendantsToInclude"": false,
    ""excludedCovariateConceptIds"": [],
    ""addDescendantsToExclude"": false,
    ""shortTermStartDays"": -30,
    ""mediumTermStartDays"": -180,
    ""endDays"": 0,
    ""longTermStartDays"": -365,
    ""attr_class"": ""covariateSettings"",
    ""attr_fun"": ""getDbDefaultCovariateData""
  }
]",NA,"388020256"
