"database_id","target_cohort_definition_id","outcome_cohort_definition_id","outcome_type","target_outcome_type","time_to_event","num_events","time_scale"
388020256,3,3,"first","During first",0,479,"per 1-day"
388020256,1,3,"first","After last target end",5,-5,"per 1-day"
388020256,1,3,"first","After last target end",6,-5,"per 1-day"
388020256,1,3,"first","After last target end",7,-5,"per 1-day"
388020256,1,3,"first","After last target end",8,-5,"per 1-day"
388020256,1,3,"first","After last target end",9,5,"per 1-day"
388020256,1,3,"first","After last target end",10,7,"per 1-day"
388020256,1,3,"first","After last target end",11,-5,"per 1-day"
388020256,1,3,"first","After last target end",12,-5,"per 1-day"
388020256,1,3,"first","After last target end",13,-5,"per 1-day"
388020256,1,3,"first","After last target end",14,8,"per 1-day"
388020256,1,3,"first","After last target end",15,6,"per 1-day"
388020256,1,3,"first","After last target end",16,5,"per 1-day"
388020256,1,3,"first","After last target end",17,8,"per 1-day"
388020256,1,3,"first","After last target end",18,5,"per 1-day"
388020256,1,3,"first","After last target end",19,5,"per 1-day"
388020256,1,3,"first","After last target end",20,6,"per 1-day"
388020256,1,3,"first","After last target end",21,-5,"per 1-day"
388020256,1,3,"first","After last target end",22,6,"per 1-day"
388020256,1,3,"first","After last target end",23,5,"per 1-day"
388020256,1,3,"first","After last target end",24,-5,"per 1-day"
388020256,1,3,"first","After last target end",25,7,"per 1-day"
388020256,1,3,"first","After last target end",26,-5,"per 1-day"
388020256,1,3,"first","After last target end",27,7,"per 1-day"
388020256,1,3,"first","After last target end",28,7,"per 1-day"
388020256,1,3,"first","After last target end",29,-5,"per 1-day"
388020256,1,3,"first","After last target end",30,-5,"per 1-day"
388020256,1,3,"first","After last target end",31,-5,"per 1-day"
388020256,1,3,"first","After last target end",32,6,"per 1-day"
388020256,1,3,"first","After last target end",33,-5,"per 1-day"
388020256,1,3,"first","After last target end",34,-5,"per 1-day"
388020256,1,3,"first","After last target end",35,-5,"per 1-day"
388020256,1,3,"first","After last target end",37,7,"per 1-day"
388020256,1,3,"first","After last target end",38,5,"per 1-day"
388020256,1,3,"first","After last target end",39,-5,"per 1-day"
388020256,1,3,"first","After last target end",40,-5,"per 1-day"
388020256,1,3,"first","After last target end",41,-5,"per 1-day"
388020256,1,3,"first","After last target end",42,-5,"per 1-day"
388020256,1,3,"first","After last target end",43,6,"per 1-day"
388020256,1,3,"first","After last target end",44,5,"per 1-day"
388020256,1,3,"first","After last target end",45,-5,"per 1-day"
388020256,1,3,"first","After last target end",46,-5,"per 1-day"
388020256,1,3,"first","After last target end",47,8,"per 1-day"
388020256,1,3,"first","After last target end",48,5,"per 1-day"
388020256,1,3,"first","After last target end",49,5,"per 1-day"
388020256,1,3,"first","After last target end",50,-5,"per 1-day"
388020256,1,3,"first","After last target end",51,-5,"per 1-day"
388020256,1,3,"first","After last target end",52,6,"per 1-day"
388020256,1,3,"first","After last target end",53,-5,"per 1-day"
388020256,1,3,"first","After last target end",54,-5,"per 1-day"
388020256,1,3,"first","After last target end",55,-5,"per 1-day"
388020256,1,3,"first","After last target end",56,-5,"per 1-day"
388020256,1,3,"first","After last target end",57,-5,"per 1-day"
388020256,1,3,"first","After last target end",58,5,"per 1-day"
388020256,1,3,"first","After last target end",59,6,"per 1-day"
388020256,1,3,"first","After last target end",60,-5,"per 1-day"
388020256,1,3,"first","After last target end",61,-5,"per 1-day"
388020256,1,3,"first","After last target end",62,-5,"per 1-day"
388020256,1,3,"first","After last target end",63,-5,"per 1-day"
388020256,1,3,"first","After last target end",64,10,"per 1-day"
388020256,1,3,"first","After last target end",65,-5,"per 1-day"
388020256,1,3,"first","After last target end",66,5,"per 1-day"
388020256,1,3,"first","After last target end",67,-5,"per 1-day"
388020256,1,3,"first","After last target end",68,5,"per 1-day"
388020256,1,3,"first","After last target end",69,9,"per 1-day"
388020256,1,3,"first","After last target end",70,5,"per 1-day"
388020256,1,3,"first","After last target end",71,7,"per 1-day"
388020256,1,3,"first","After last target end",72,-5,"per 1-day"
388020256,1,3,"first","After last target end",74,-5,"per 1-day"
388020256,1,3,"first","After last target end",75,5,"per 1-day"
388020256,1,3,"first","After last target end",76,6,"per 1-day"
388020256,1,3,"first","After last target end",77,-5,"per 1-day"
388020256,1,3,"first","After last target end",78,-5,"per 1-day"
388020256,1,3,"first","After last target end",79,-5,"per 1-day"
388020256,1,3,"first","After last target end",80,7,"per 1-day"
388020256,1,3,"first","After last target end",81,9,"per 1-day"
388020256,1,3,"first","After last target end",82,6,"per 1-day"
388020256,1,3,"first","After last target end",83,-5,"per 1-day"
388020256,1,3,"first","After last target end",84,-5,"per 1-day"
388020256,1,3,"first","After last target end",85,6,"per 1-day"
388020256,1,3,"first","After last target end",86,-5,"per 1-day"
388020256,1,3,"first","After last target end",87,5,"per 1-day"
388020256,1,3,"first","After last target end",88,5,"per 1-day"
388020256,1,3,"first","After last target end",89,-5,"per 1-day"
388020256,2,3,"first","After last target end",5,-5,"per 1-day"
388020256,2,3,"first","After last target end",6,-5,"per 1-day"
388020256,2,3,"first","After last target end",7,-5,"per 1-day"
388020256,2,3,"first","After last target end",8,-5,"per 1-day"
388020256,2,3,"first","After last target end",10,-5,"per 1-day"
388020256,2,3,"first","After last target end",11,-5,"per 1-day"
388020256,2,3,"first","After last target end",14,-5,"per 1-day"
388020256,2,3,"first","After last target end",15,-5,"per 1-day"
388020256,2,3,"first","After last target end",16,-5,"per 1-day"
388020256,2,3,"first","After last target end",17,-5,"per 1-day"
388020256,2,3,"first","After last target end",18,-5,"per 1-day"
388020256,2,3,"first","After last target end",19,-5,"per 1-day"
388020256,2,3,"first","After last target end",20,-5,"per 1-day"
388020256,2,3,"first","After last target end",21,-5,"per 1-day"
388020256,2,3,"first","After last target end",22,-5,"per 1-day"
388020256,2,3,"first","After last target end",24,-5,"per 1-day"
388020256,2,3,"first","After last target end",25,-5,"per 1-day"
388020256,2,3,"first","After last target end",26,-5,"per 1-day"
388020256,2,3,"first","After last target end",27,5,"per 1-day"
388020256,2,3,"first","After last target end",31,-5,"per 1-day"
388020256,2,3,"first","After last target end",32,-5,"per 1-day"
388020256,2,3,"first","After last target end",35,-5,"per 1-day"
388020256,2,3,"first","After last target end",37,-5,"per 1-day"
388020256,2,3,"first","After last target end",38,-5,"per 1-day"
388020256,2,3,"first","After last target end",41,-5,"per 1-day"
388020256,2,3,"first","After last target end",43,-5,"per 1-day"
388020256,2,3,"first","After last target end",44,-5,"per 1-day"
388020256,2,3,"first","After last target end",45,-5,"per 1-day"
388020256,2,3,"first","After last target end",46,-5,"per 1-day"
388020256,2,3,"first","After last target end",47,-5,"per 1-day"
388020256,2,3,"first","After last target end",48,-5,"per 1-day"
388020256,2,3,"first","After last target end",49,-5,"per 1-day"
388020256,2,3,"first","After last target end",50,-5,"per 1-day"
388020256,2,3,"first","After last target end",51,-5,"per 1-day"
388020256,2,3,"first","After last target end",53,-5,"per 1-day"
388020256,2,3,"first","After last target end",55,-5,"per 1-day"
388020256,2,3,"first","After last target end",56,-5,"per 1-day"
388020256,2,3,"first","After last target end",57,-5,"per 1-day"
388020256,2,3,"first","After last target end",58,-5,"per 1-day"
388020256,2,3,"first","After last target end",62,-5,"per 1-day"
388020256,2,3,"first","After last target end",64,-5,"per 1-day"
388020256,2,3,"first","After last target end",65,-5,"per 1-day"
388020256,2,3,"first","After last target end",66,-5,"per 1-day"
388020256,2,3,"first","After last target end",67,-5,"per 1-day"
388020256,2,3,"first","After last target end",69,-5,"per 1-day"
388020256,2,3,"first","After last target end",70,-5,"per 1-day"
388020256,2,3,"first","After last target end",71,-5,"per 1-day"
388020256,2,3,"first","After last target end",72,-5,"per 1-day"
388020256,2,3,"first","After last target end",73,-5,"per 1-day"
388020256,2,3,"first","After last target end",74,-5,"per 1-day"
388020256,2,3,"first","After last target end",75,-5,"per 1-day"
388020256,2,3,"first","After last target end",76,-5,"per 1-day"
388020256,2,3,"first","After last target end",77,-5,"per 1-day"
388020256,2,3,"first","After last target end",78,-5,"per 1-day"
388020256,2,3,"first","After last target end",79,-5,"per 1-day"
388020256,2,3,"first","After last target end",80,-5,"per 1-day"
388020256,2,3,"first","After last target end",81,-5,"per 1-day"
388020256,2,3,"first","After last target end",83,-5,"per 1-day"
388020256,2,3,"first","After last target end",84,-5,"per 1-day"
388020256,2,3,"first","After last target end",85,-5,"per 1-day"
388020256,2,3,"first","After last target end",87,-5,"per 1-day"
388020256,2,3,"first","After last target end",88,-5,"per 1-day"
388020256,2,3,"first","After last target end",89,-5,"per 1-day"
388020256,1001,3,"first","After last target end",5,-5,"per 1-day"
388020256,1001,3,"first","After last target end",6,-5,"per 1-day"
388020256,1001,3,"first","After last target end",7,-5,"per 1-day"
388020256,1001,3,"first","After last target end",8,-5,"per 1-day"
388020256,1001,3,"first","After last target end",9,5,"per 1-day"
388020256,1001,3,"first","After last target end",10,7,"per 1-day"
388020256,1001,3,"first","After last target end",11,-5,"per 1-day"
388020256,1001,3,"first","After last target end",12,-5,"per 1-day"
388020256,1001,3,"first","After last target end",13,-5,"per 1-day"
388020256,1001,3,"first","After last target end",14,8,"per 1-day"
388020256,1001,3,"first","After last target end",15,6,"per 1-day"
388020256,1001,3,"first","After last target end",16,5,"per 1-day"
388020256,1001,3,"first","After last target end",17,8,"per 1-day"
388020256,1001,3,"first","After last target end",18,5,"per 1-day"
388020256,1001,3,"first","After last target end",19,5,"per 1-day"
388020256,1001,3,"first","After last target end",20,6,"per 1-day"
388020256,1001,3,"first","After last target end",21,-5,"per 1-day"
388020256,1001,3,"first","After last target end",22,6,"per 1-day"
388020256,1001,3,"first","After last target end",23,5,"per 1-day"
388020256,1001,3,"first","After last target end",24,-5,"per 1-day"
388020256,1001,3,"first","After last target end",25,7,"per 1-day"
388020256,1001,3,"first","After last target end",26,-5,"per 1-day"
388020256,1001,3,"first","After last target end",27,7,"per 1-day"
388020256,1001,3,"first","After last target end",28,7,"per 1-day"
388020256,1001,3,"first","After last target end",29,-5,"per 1-day"
388020256,1001,3,"first","After last target end",30,-5,"per 1-day"
388020256,1001,3,"first","After last target end",31,-5,"per 1-day"
388020256,1001,3,"first","After last target end",32,6,"per 1-day"
388020256,1001,3,"first","After last target end",33,-5,"per 1-day"
388020256,1001,3,"first","After last target end",34,-5,"per 1-day"
388020256,1001,3,"first","After last target end",35,-5,"per 1-day"
388020256,1001,3,"first","After last target end",37,7,"per 1-day"
388020256,1001,3,"first","After last target end",38,5,"per 1-day"
388020256,1001,3,"first","After last target end",39,-5,"per 1-day"
388020256,1001,3,"first","After last target end",40,-5,"per 1-day"
388020256,1001,3,"first","After last target end",41,-5,"per 1-day"
388020256,1001,3,"first","After last target end",42,-5,"per 1-day"
388020256,1001,3,"first","After last target end",43,6,"per 1-day"
388020256,1001,3,"first","After last target end",44,5,"per 1-day"
388020256,1001,3,"first","After last target end",45,-5,"per 1-day"
388020256,1001,3,"first","After last target end",46,-5,"per 1-day"
388020256,1001,3,"first","After last target end",47,8,"per 1-day"
388020256,1001,3,"first","After last target end",48,5,"per 1-day"
388020256,1001,3,"first","After last target end",49,5,"per 1-day"
388020256,1001,3,"first","After last target end",50,-5,"per 1-day"
388020256,1001,3,"first","After last target end",51,-5,"per 1-day"
388020256,1001,3,"first","After last target end",52,6,"per 1-day"
388020256,1001,3,"first","After last target end",53,-5,"per 1-day"
388020256,1001,3,"first","After last target end",54,-5,"per 1-day"
388020256,1001,3,"first","After last target end",55,-5,"per 1-day"
388020256,1001,3,"first","After last target end",56,-5,"per 1-day"
388020256,1001,3,"first","After last target end",57,-5,"per 1-day"
388020256,1001,3,"first","After last target end",58,5,"per 1-day"
388020256,1001,3,"first","After last target end",59,6,"per 1-day"
388020256,1001,3,"first","After last target end",60,-5,"per 1-day"
388020256,1001,3,"first","After last target end",61,-5,"per 1-day"
388020256,1001,3,"first","After last target end",62,-5,"per 1-day"
388020256,1001,3,"first","After last target end",63,-5,"per 1-day"
388020256,1001,3,"first","After last target end",64,10,"per 1-day"
388020256,1001,3,"first","After last target end",65,-5,"per 1-day"
388020256,1001,3,"first","After last target end",66,5,"per 1-day"
388020256,1001,3,"first","After last target end",67,-5,"per 1-day"
388020256,1001,3,"first","After last target end",68,5,"per 1-day"
388020256,1001,3,"first","After last target end",69,9,"per 1-day"
388020256,1001,3,"first","After last target end",70,5,"per 1-day"
388020256,1001,3,"first","After last target end",71,7,"per 1-day"
388020256,1001,3,"first","After last target end",72,-5,"per 1-day"
388020256,1001,3,"first","After last target end",74,-5,"per 1-day"
388020256,1001,3,"first","After last target end",75,5,"per 1-day"
388020256,1001,3,"first","After last target end",76,6,"per 1-day"
388020256,1001,3,"first","After last target end",77,-5,"per 1-day"
388020256,1001,3,"first","After last target end",78,-5,"per 1-day"
388020256,1001,3,"first","After last target end",79,-5,"per 1-day"
388020256,1001,3,"first","After last target end",80,7,"per 1-day"
388020256,1001,3,"first","After last target end",81,9,"per 1-day"
388020256,1001,3,"first","After last target end",82,6,"per 1-day"
388020256,1001,3,"first","After last target end",83,-5,"per 1-day"
388020256,1001,3,"first","After last target end",84,-5,"per 1-day"
388020256,1001,3,"first","After last target end",85,6,"per 1-day"
388020256,1001,3,"first","After last target end",86,-5,"per 1-day"
388020256,1001,3,"first","After last target end",87,5,"per 1-day"
388020256,1001,3,"first","After last target end",88,5,"per 1-day"
388020256,1001,3,"first","After last target end",89,-5,"per 1-day"
388020256,2001,3,"first","After last target end",5,-5,"per 1-day"
388020256,2001,3,"first","After last target end",6,-5,"per 1-day"
388020256,2001,3,"first","After last target end",7,-5,"per 1-day"
388020256,2001,3,"first","After last target end",8,-5,"per 1-day"
388020256,2001,3,"first","After last target end",10,-5,"per 1-day"
388020256,2001,3,"first","After last target end",11,-5,"per 1-day"
388020256,2001,3,"first","After last target end",14,-5,"per 1-day"
388020256,2001,3,"first","After last target end",15,-5,"per 1-day"
388020256,2001,3,"first","After last target end",16,-5,"per 1-day"
388020256,2001,3,"first","After last target end",17,-5,"per 1-day"
388020256,2001,3,"first","After last target end",18,-5,"per 1-day"
388020256,2001,3,"first","After last target end",19,-5,"per 1-day"
388020256,2001,3,"first","After last target end",20,-5,"per 1-day"
388020256,2001,3,"first","After last target end",21,-5,"per 1-day"
388020256,2001,3,"first","After last target end",22,-5,"per 1-day"
388020256,2001,3,"first","After last target end",24,-5,"per 1-day"
388020256,2001,3,"first","After last target end",25,-5,"per 1-day"
388020256,2001,3,"first","After last target end",26,-5,"per 1-day"
388020256,2001,3,"first","After last target end",27,5,"per 1-day"
388020256,2001,3,"first","After last target end",31,-5,"per 1-day"
388020256,2001,3,"first","After last target end",32,-5,"per 1-day"
388020256,2001,3,"first","After last target end",35,-5,"per 1-day"
388020256,2001,3,"first","After last target end",37,-5,"per 1-day"
388020256,2001,3,"first","After last target end",38,-5,"per 1-day"
388020256,2001,3,"first","After last target end",41,-5,"per 1-day"
388020256,2001,3,"first","After last target end",43,-5,"per 1-day"
388020256,2001,3,"first","After last target end",44,-5,"per 1-day"
388020256,2001,3,"first","After last target end",45,-5,"per 1-day"
388020256,2001,3,"first","After last target end",46,-5,"per 1-day"
388020256,2001,3,"first","After last target end",47,-5,"per 1-day"
388020256,2001,3,"first","After last target end",48,-5,"per 1-day"
388020256,2001,3,"first","After last target end",49,-5,"per 1-day"
388020256,2001,3,"first","After last target end",50,-5,"per 1-day"
388020256,2001,3,"first","After last target end",51,-5,"per 1-day"
388020256,2001,3,"first","After last target end",53,-5,"per 1-day"
388020256,2001,3,"first","After last target end",55,-5,"per 1-day"
388020256,2001,3,"first","After last target end",56,-5,"per 1-day"
388020256,2001,3,"first","After last target end",57,-5,"per 1-day"
388020256,2001,3,"first","After last target end",58,-5,"per 1-day"
388020256,2001,3,"first","After last target end",62,-5,"per 1-day"
388020256,2001,3,"first","After last target end",64,-5,"per 1-day"
388020256,2001,3,"first","After last target end",65,-5,"per 1-day"
388020256,2001,3,"first","After last target end",66,-5,"per 1-day"
388020256,2001,3,"first","After last target end",67,-5,"per 1-day"
388020256,2001,3,"first","After last target end",69,-5,"per 1-day"
388020256,2001,3,"first","After last target end",70,-5,"per 1-day"
388020256,2001,3,"first","After last target end",71,-5,"per 1-day"
388020256,2001,3,"first","After last target end",72,-5,"per 1-day"
388020256,2001,3,"first","After last target end",73,-5,"per 1-day"
388020256,2001,3,"first","After last target end",74,-5,"per 1-day"
388020256,2001,3,"first","After last target end",75,-5,"per 1-day"
388020256,2001,3,"first","After last target end",76,-5,"per 1-day"
388020256,2001,3,"first","After last target end",77,-5,"per 1-day"
388020256,2001,3,"first","After last target end",78,-5,"per 1-day"
388020256,2001,3,"first","After last target end",79,-5,"per 1-day"
388020256,2001,3,"first","After last target end",80,-5,"per 1-day"
388020256,2001,3,"first","After last target end",81,-5,"per 1-day"
388020256,2001,3,"first","After last target end",83,-5,"per 1-day"
388020256,2001,3,"first","After last target end",84,-5,"per 1-day"
388020256,2001,3,"first","After last target end",85,-5,"per 1-day"
388020256,2001,3,"first","After last target end",87,-5,"per 1-day"
388020256,2001,3,"first","After last target end",88,-5,"per 1-day"
388020256,2001,3,"first","After last target end",89,-5,"per 1-day"
388020256,1,3,"first","After last target end",30,109,"per 30-day"
388020256,1,3,"first","After last target end",60,114,"per 30-day"
388020256,1,3,"first","After last target end",90,132,"per 30-day"
388020256,2,3,"first","After last target end",30,46,"per 30-day"
388020256,2,3,"first","After last target end",60,39,"per 30-day"
388020256,2,3,"first","After last target end",90,39,"per 30-day"
388020256,3,3,"first","During first",0,479,"per 30-day"
388020256,1001,3,"first","After last target end",30,109,"per 30-day"
388020256,1001,3,"first","After last target end",60,114,"per 30-day"
388020256,1001,3,"first","After last target end",90,132,"per 30-day"
388020256,2001,3,"first","After last target end",30,46,"per 30-day"
388020256,2001,3,"first","After last target end",60,39,"per 30-day"
388020256,2001,3,"first","After last target end",90,39,"per 30-day"
388020256,1,3,"first","After last target end",365,355,"per 365-day"
388020256,2,3,"first","After last target end",365,124,"per 365-day"
388020256,3,3,"first","During first",0,479,"per 365-day"
388020256,1001,3,"first","After last target end",365,355,"per 365-day"
388020256,2001,3,"first","After last target end",365,124,"per 365-day"
