table_name,column_name,data_type,is_required,primary_key,empty_is_na,min_cell_count,description
c_time_to_event,database_id,varchar(100),Yes,Yes,No,No,The database identifier
c_time_to_event,target_cohort_definition_id,bigint,Yes,Yes,No,No,The cohort definition id for the target cohort
c_time_to_event,outcome_cohort_definition_id,bigint,Yes,Yes,No,No,The cohort definition id for the outcome cohort
c_time_to_event,outcome_type,varchar(100),Yes,Yes,No,No,Is the outvome a first occurrence or repeat
c_time_to_event,target_outcome_type,varchar(40),Yes,Yes,No,No,When does the outcome occur relative to target
c_time_to_event,time_to_event,int,Yes,Yes,No,No,The time (in days) from target index to outcome start
c_time_to_event,num_events,int,Yes,No,No,No,Number of events that occur during the specified time to event
c_time_to_event,time_scale,varchar(20),Yes,Yes,No,No,time scale for the number of events
c_rechallenge_fail_case_series,database_id,varchar(100),Yes,Yes,No,No,The database identifier
c_rechallenge_fail_case_series,dechallenge_stop_interval,int,Yes,Yes,No,No,The time period that É
c_rechallenge_fail_case_series,dechallenge_evaluation_window,int,Yes,Yes,No,No,The time period that É
c_rechallenge_fail_case_series,target_cohort_definition_id,bigint,Yes,Yes,No,No,The cohort definition id for the target cohort
c_rechallenge_fail_case_series,outcome_cohort_definition_id,bigint,Yes,Yes,No,No,The cohort definition id for the outcome cohort
c_rechallenge_fail_case_series,person_key,int,Yes,Yes,No,No,The dense rank for the patient (an identifier that is not the same as the database)
c_rechallenge_fail_case_series,subject_id,bigint,No,No,No,No,The person identifier for the failed case series (optional)
c_rechallenge_fail_case_series,dechallenge_exposure_number,int,Yes,No,No,No,The number of times a dechallenge has occurred
c_rechallenge_fail_case_series,dechallenge_exposure_start_date_offset,int,Yes,No,No,No,The offset for the dechallenge start (number of days after index)
c_rechallenge_fail_case_series,dechallenge_exposure_end_date_offset,int,Yes,No,No,No,The offset for the dechallenge end (number of days after index)
c_rechallenge_fail_case_series,dechallenge_outcome_number,int,Yes,No,No,No,The number of times an outcome has occurred during the dechallenge
c_rechallenge_fail_case_series,dechallenge_outcome_start_date_offset,int,Yes,No,No,No,The offset for the outcome start (number of days after index)
c_rechallenge_fail_case_series,rechallenge_exposure_number,int,Yes,No,No,No,The number of times a rechallenge exposure has occurred
c_rechallenge_fail_case_series,rechallenge_exposure_start_date_offset,int,Yes,No,No,No,The offset for the rechallenge start (number of days after index)
c_rechallenge_fail_case_series,rechallenge_exposure_end_date_offset,int,Yes,No,No,No,The offset for the rechallenge end (number of days after index)
c_rechallenge_fail_case_series,rechallenge_outcome_number,int,Yes,No,No,No,The number of times the outcome has occurred during the rechallenge
c_rechallenge_fail_case_series,rechallenge_outcome_start_date_offset,int,Yes,No,No,No,The offset for the outcome start (number of days after index)
c_dechallenge_rechallenge,database_id,varchar(100),Yes,Yes,No,No,The database identifier
c_dechallenge_rechallenge,dechallenge_stop_interval,int,Yes,Yes,No,No,The dechallenge stop interval
c_dechallenge_rechallenge,dechallenge_evaluation_window,int,Yes,Yes,No,No,The dechallenge evaluation window
c_dechallenge_rechallenge,target_cohort_definition_id,bigint,Yes,Yes,No,No,The cohort definition id for the target cohort
c_dechallenge_rechallenge,outcome_cohort_definition_id,bigint,Yes,Yes,No,No,The cohort definition id for the outcome cohort
c_dechallenge_rechallenge,num_exposure_eras,int,Yes,No,No,No,The number of exposure eras
c_dechallenge_rechallenge,num_persons_exposed,int,Yes,No,No,No,The number of persons exposed
c_dechallenge_rechallenge,num_cases,int,Yes,No,No,No,The number of cases
c_dechallenge_rechallenge,dechallenge_attempt,int,Yes,No,No,No,The number of dechallenge attempts
c_dechallenge_rechallenge,dechallenge_fail,int,Yes,No,No,No,The dechallenge fail count
c_dechallenge_rechallenge,dechallenge_success,int,Yes,No,No,No,The dechallenge success count
c_dechallenge_rechallenge,rechallenge_attempt,int,Yes,No,No,No,The rechallenge attempt count
c_dechallenge_rechallenge,rechallenge_fail,int,Yes,No,No,No,The rechallenge fail count
c_dechallenge_rechallenge,rechallenge_success,int,Yes,No,No,No,The rechallenge success count
c_dechallenge_rechallenge,pct_dechallenge_attempt,float,Yes,No,No,No,The percentage of dechallenge attempts
c_dechallenge_rechallenge,pct_dechallenge_success,float,Yes,No,No,No,The percentage of dechallenge success
c_dechallenge_rechallenge,pct_dechallenge_fail,float,Yes,No,No,No,The percentage of dechallenge fails
c_dechallenge_rechallenge,pct_rechallenge_attempt,float,Yes,No,No,No,The percentage of rechallenge attempts
c_dechallenge_rechallenge,pct_rechallenge_success,float,Yes,No,No,No,The percentage of rechallenge success
c_dechallenge_rechallenge,pct_rechallenge_fail,float,Yes,No,No,No,The percentage of rechallenge fails
c_analysis_ref,database_id,varchar(100),Yes,Yes,No,No,The database identifier
c_analysis_ref,setting_id,varchar(30),Yes,Yes,No,No,The run identifier
c_analysis_ref,analysis_id,int,Yes,Yes,No,No,The analysis identifier
c_analysis_ref,analysis_name,varchar,Yes,No,No,No,The analysis name
c_analysis_ref,domain_id,varchar,Yes,No,No,No,The domain id
c_analysis_ref,start_day,int,Yes,No,No,No,The start day
c_analysis_ref,end_day,int,Yes,No,No,No,The end day
c_analysis_ref,is_binary,varchar(1),Yes,No,No,No,Is this a binary analysis
c_analysis_ref,missing_means_zero,varchar(1),Yes,No,No,No,Missing means zero
c_covariate_ref,database_id,varchar(100),Yes,Yes,No,No,The database identifier
c_covariate_ref,setting_id,varchar(30),Yes,Yes,No,No,The run identifier
c_covariate_ref,covariate_id,bigint,Yes,Yes,No,No,The covariate identifier
c_covariate_ref,covariate_name,varchar,Yes,No,No,No,The covariate name
c_covariate_ref,analysis_id,int,Yes,No,No,No,The analysis identifier
c_covariate_ref,concept_id,bigint,Yes,No,No,No,The concept identifier
c_covariate_ref,value_as_concept_id,int,N,N,N,N,The value as concept_id for features created from observation or measurement values
c_covariate_ref,collisions,int,N,N,N,N,The number of collisions found for the covariate_id
c_covariates,database_id,varchar(100),Yes,Yes,No,No,The database identifier
c_covariates,setting_id,varchar(30),Yes,Yes,No,No,The run identifier
c_covariates,cohort_type,varchar(12),Yes,Yes,No,No,The cohort type
c_covariates,target_cohort_id,int,Yes,Yes,No,No,The target cohort id
c_covariates,outcome_cohort_id,int,Yes,Yes,No,No,The outcome cohort id
c_covariates,min_characterization_mean,float,No,Yes,No,No,Minimum fraction for feature extraction
c_covariates,covariate_id,bigint,Yes,Yes,No,No,The covaraite id
c_covariates,sum_value,int,Yes,No,No,No,The sum value
c_covariates,average_value,float,No,No,No,No,The average value
c_covariates_continuous,database_id,varchar(100),Yes,Yes,No,No,The database identifier
c_covariates_continuous,setting_id,varchar(30),Yes,Yes,No,No,The run identifier
c_covariates_continuous,cohort_type,varchar(12),Yes,Yes,No,No,The cohort type
c_covariates_continuous,target_cohort_id,int,Yes,Yes,No,No,The target cohort id
c_covariates_continuous,outcome_cohort_id,int,Yes,Yes,No,No,The outcome cohort id
c_covariates_continuous,covariate_id,bigint,Yes,Yes,No,No,The covariate identifier
c_covariates_continuous,count_value,int,Yes,No,No,No,The count value
c_covariates_continuous,min_value,float,No,No,No,No,The min value
c_covariates_continuous,max_value,float,No,No,No,No,The max value
c_covariates_continuous,average_value,float,No,No,No,No,The average value
c_covariates_continuous,standard_deviation,float,No,No,No,No,The standard devidation
c_covariates_continuous,median_value,float,No,No,No,No,The median value
c_covariates_continuous,p_10_value,float,No,No,No,No,The 10th percentile
c_covariates_continuous,p_25_value,float,No,No,No,No,The 25th percentile
c_covariates_continuous,p_75_value,float,No,No,No,No,The 75th percentile
c_covariates_continuous,p_90_value,float,No,No,No,No,The 90th percentile
c_settings,setting_id,varchar(30),Yes,Yes,No,No,The run identifier
c_settings,database_id,varchar(100),Yes,Yes,No,No,The database identifier
c_settings,covariate_setting_json,varchar,Yes,No,No,No,The covariate settings JSON
c_settings,case_covariate_setting_json,varchar,Yes,No,No,No,The during covariate settings JSON
c_settings,min_prior_observation,int,No,No,No,No,Minimum time observed before index
c_settings,outcome_washout_days,int,No,No,No,No,Patients with outcome during washout are excluded
c_settings,risk_window_start,int,No,No,No,No,The risk window start
c_settings,risk_window_end,int,No,No,No,No,The risk window end
c_settings,start_anchor,varchar(15),No,No,No,No,The start anchor
c_settings,end_anchor,varchar(15),No,No,No,No,The end anchor
c_settings,case_pre_target_duration,int,No,No,No,No,How far to look back before index for case features
c_settings,case_post_outcome_duration,int,No,No,No,No,How far to look forward after outcome for case features
c_cohort_details,database_id,varchar(100),Yes,Yes,No,No,The database identifier
c_cohort_details,setting_id,varchar(30),Yes,Yes,No,No,The run identifier
c_cohort_details,cohort_type,varchar(12),Yes,Yes,No,No,The cohort type
c_cohort_details,target_cohort_id,int,Yes,Yes,No,No,The target cohort id
c_cohort_details,outcome_cohort_id,int,Yes,Yes,No,No,The outcome cohort id
c_cohort_counts,database_id,varchar(100),Yes,No,No,No,The database identifier
c_cohort_counts,cohort_type,varchar(12),Yes,No,No,No,The cohort type
c_cohort_counts,target_cohort_id,int,Yes,No,No,No,The target cohort id
c_cohort_counts,outcome_cohort_id,int,Yes,No,No,No,The outcome cohort id
c_cohort_counts,risk_window_start,int,No,No,No,No,The risk window start
c_cohort_counts,risk_window_end,int,No,No,No,No,The risk window end
c_cohort_counts,start_anchor,varchar(15),No,No,No,No,The start anchor
c_cohort_counts,end_anchor,varchar(15),No,No,No,No,The end anchor
c_cohort_counts,min_prior_observation,int,No,No,No,No,Minimum time observed before index
c_cohort_counts,outcome_washout_days,int,No,No,No,No,Patients with outcome during washout are excluded
c_cohort_counts,row_count,int,Yes,No,No,No,The number of rows in each cohort
c_cohort_counts,person_count,int,Yes,No,No,No,The number of distinct people in each cohort
c_cohort_counts,min_exposure_time,bigint,No,No,No,No,Minimum exposure time across cohort
c_cohort_counts,mean_exposure_time,bigint,No,No,No,No,Mean exposure time across cohort
c_cohort_counts,max_exposure_time,bigint,No,No,No,No,Max exposure time across cohort
