{
  "workDatabaseSchema": "main",
  "cdmDatabaseSchema": "main",
  "cohortTableNames": {
    "cohortTable": "sample_study",
    "cohortSampleTable": "sample_study",
    "cohortInclusionTable": "sample_study_inclusion",
    "cohortInclusionResultTable": "sample_study_inclusion_result",
    "cohortInclusionStatsTable": "sample_study_inclusion_stats",
    "cohortSummaryStatsTable": "sample_study_summary_stats",
    "cohortCensorStatsTable": "sample_study_censor_stats"
  },
  "workFolder": "D:\\_YES_POLITES\\workspace\\StrategusStudyRepoTemplate\\results\\Eunomia\\strategusWork",
  "resultsFolder": "D:\\_YES_POLITES\\workspace\\StrategusStudyRepoTemplate\\results\\Eunomia\\strategusOutput",
  "logFileName": "D:\\_YES_POLITES\\workspace\\StrategusStudyRepoTemplate\\results\\Eunomia\\strategusOutput\\strategus-log.txt",
  "minCellCount": 5,
  "incremental": true,
  "maxCores": 16,
  "attr_class": ["CdmExecutionSettings", "ExecutionSettings"]
}
