﻿"cohort_definition_id","cohort_name","description","json","sql_command"
1001,"celecoxib - New Users first ever occurence with at least 365 days prior observation",NA,"{
  ""cohortId"": [1001],
  ""targetCohortId"": [1],
  ""subsetDefinitionId"": [1]
}",NA
3,"GI Bleed",NA,"{
	""cdmVersionRange"" : "">=5.0.0"",
	""PrimaryCriteria"" : {
		""CriteriaList"" : [
			{
				""ConditionOccurrence"" : {
					""CodesetId"" : 0
				}
			}
		],
		""ObservationWindow"" : {
			""PriorDays"" : 0,
			""PostDays"" : 0
		},
		""PrimaryCriteriaLimit"" : {
			""Type"" : ""All""
		}
	},
	""ConceptSets"" : [
		{
			""id"" : 0,
			""name"" : ""GI bleed"",
			""expression"" : {
				""items"" : [
					{
						""concept"" : {
							""CONCEPT_ID"" : 192671,
							""CONCEPT_NAME"" : ""Gastrointestinal hemorrhage"",
							""STANDARD_CONCEPT"" : ""S"",
							""STANDARD_CONCEPT_CAPTION"" : ""Standard"",
							""INVALID_REASON"" : ""V"",
							""INVALID_REASON_CAPTION"" : ""Valid"",
							""CONCEPT_CODE"" : ""74474003"",
							""DOMAIN_ID"" : ""Condition"",
							""VOCABULARY_ID"" : ""SNOMED"",
							""CONCEPT_CLASS_ID"" : ""Clinical Finding""
						},
						""isExcluded"" : false,
						""includeDescendants"" : true,
						""includeMapped"" : false
					}
				]
			}
		}
	],
	""QualifiedLimit"" : {
		""Type"" : ""First""
	},
	""ExpressionLimit"" : {
		""Type"" : ""First""
	},
	""InclusionRules"" : [],
	""EndStrategy"" : {
		""DateOffset"" : {
			""DateField"" : ""StartDate"",
			""Offset"" : 0
		}
	},
	""CensoringCriteria"" : [],
	""CollapseSettings"" : {
		""CollapseType"" : ""ERA"",
		""EraPad"" : 0
	},
	""CensorWindow"" : {}
}",NA
2001,"diclofenac - New Users first ever occurence with at least 365 days prior observation",NA,"{
  ""cohortId"": [2001],
  ""targetCohortId"": [2],
  ""subsetDefinitionId"": [1]
}",NA
