﻿"diagnostic_id","xvalue","outcome_percent","aggregation","probast_id","input_type"
1,33,1,"age","3","population"
1,34,0.5,"age","3","population"
1,35,1,"age","3","population"
1,36,0,"age","3","population"
1,37,0.5,"age","3","population"
1,38,0.3333333333333333,"age","3","population"
1,39,0.6,"age","3","population"
1,40,0,"age","3","population"
1,41,0.25,"age","3","population"
1,42,0.5,"age","3","population"
1,43,0.5,"age","3","population"
1,44,1,"age","3","population"
1,8507,0.42857142857142855,"gender","3","population"
1,8532,0.47058823529411764,"gender","3","population"
1,2017,0.5,"year","3","population"
1,2018,0.4,"year","3","population"
1,2019,0.5714285714285714,"year","3","population"
1,1,0.6666666666666666,"month","3","population"
1,2,0.5,"month","3","population"
1,3,0.6666666666666666,"month","3","population"
1,4,0.25,"month","3","population"
1,5,0,"month","3","population"
1,6,1,"month","3","population"
1,7,0.5,"month","3","population"
1,8,0.6666666666666666,"month","3","population"
1,10,1,"month","3","population"
1,11,0,"month","3","population"
1,12,0.3333333333333333,"month","3","population"
1,33,1,"age","3","cohort"
1,34,0.5,"age","3","cohort"
1,35,1,"age","3","cohort"
1,36,0,"age","3","cohort"
1,37,0.5,"age","3","cohort"
1,38,0.3333333333333333,"age","3","cohort"
1,39,0.6,"age","3","cohort"
1,40,0,"age","3","cohort"
1,41,0.25,"age","3","cohort"
1,42,0.5,"age","3","cohort"
1,43,0.5,"age","3","cohort"
1,44,1,"age","3","cohort"
1,8507,0.42857142857142855,"gender","3","cohort"
1,8532,0.47058823529411764,"gender","3","cohort"
1,2017,0.5,"year","3","cohort"
1,2018,0.4,"year","3","cohort"
1,2019,0.5714285714285714,"year","3","cohort"
1,1,0.6666666666666666,"month","3","cohort"
1,2,0.5,"month","3","cohort"
1,3,0.6666666666666666,"month","3","cohort"
1,4,0.25,"month","3","cohort"
1,5,0,"month","3","cohort"
1,6,1,"month","3","cohort"
1,7,0.5,"month","3","cohort"
1,8,0.6666666666666666,"month","3","cohort"
1,10,1,"month","3","cohort"
1,11,0,"month","3","cohort"
1,12,0.3333333333333333,"month","3","cohort"
2,33,1,"age","3","population"
2,34,0.5,"age","3","population"
2,35,1,"age","3","population"
2,36,0,"age","3","population"
2,37,0.5,"age","3","population"
2,38,0.3333333333333333,"age","3","population"
2,39,0.6,"age","3","population"
2,40,0,"age","3","population"
2,41,0.25,"age","3","population"
2,42,0.5,"age","3","population"
2,43,0.5,"age","3","population"
2,44,1,"age","3","population"
2,8507,0.42857142857142855,"gender","3","population"
2,8532,0.47058823529411764,"gender","3","population"
2,2017,0.5,"year","3","population"
2,2018,0.4,"year","3","population"
2,2019,0.5714285714285714,"year","3","population"
2,1,0.6666666666666666,"month","3","population"
2,2,0.5,"month","3","population"
2,3,0.6666666666666666,"month","3","population"
2,4,0.25,"month","3","population"
2,5,0,"month","3","population"
2,6,1,"month","3","population"
2,7,0.5,"month","3","population"
2,8,0.6666666666666666,"month","3","population"
2,10,1,"month","3","population"
2,11,0,"month","3","population"
2,12,0.3333333333333333,"month","3","population"
2,33,1,"age","3","cohort"
2,34,0.5,"age","3","cohort"
2,35,1,"age","3","cohort"
2,36,0,"age","3","cohort"
2,37,0.5,"age","3","cohort"
2,38,0.3333333333333333,"age","3","cohort"
2,39,0.6,"age","3","cohort"
2,40,0,"age","3","cohort"
2,41,0.25,"age","3","cohort"
2,42,0.5,"age","3","cohort"
2,43,0.5,"age","3","cohort"
2,44,1,"age","3","cohort"
2,8507,0.42857142857142855,"gender","3","cohort"
2,8532,0.47058823529411764,"gender","3","cohort"
2,2017,0.5,"year","3","cohort"
2,2018,0.4,"year","3","cohort"
2,2019,0.5714285714285714,"year","3","cohort"
2,1,0.6666666666666666,"month","3","cohort"
2,2,0.5,"month","3","cohort"
2,3,0.6666666666666666,"month","3","cohort"
2,4,0.25,"month","3","cohort"
2,5,0,"month","3","cohort"
2,6,1,"month","3","cohort"
2,7,0.5,"month","3","cohort"
2,8,0.6666666666666666,"month","3","cohort"
2,10,1,"month","3","cohort"
2,11,0,"month","3","cohort"
2,12,0.3333333333333333,"month","3","cohort"
3,32,1,"age","3","population"
3,34,0,"age","3","population"
3,35,0,"age","3","population"
3,37,0,"age","3","population"
3,38,0,"age","3","population"
3,39,0,"age","3","population"
3,40,0,"age","3","population"
3,41,0,"age","3","population"
3,42,0,"age","3","population"
3,43,0.5,"age","3","population"
3,8507,0.125,"gender","3","population"
3,8532,0.125,"gender","3","population"
3,2017,0,"year","3","population"
3,2018,0.07692307692307693,"year","3","population"
3,2019,0.5,"year","3","population"
3,1,0,"month","3","population"
3,2,0,"month","3","population"
3,3,0.5,"month","3","population"
3,4,0,"month","3","population"
3,5,0,"month","3","population"
3,6,0.5,"month","3","population"
3,10,0,"month","3","population"
3,11,0,"month","3","population"
3,12,0,"month","3","population"
3,32,1,"age","3","cohort"
3,34,0,"age","3","cohort"
3,35,0,"age","3","cohort"
3,37,0,"age","3","cohort"
3,38,0,"age","3","cohort"
3,39,0,"age","3","cohort"
3,40,0,"age","3","cohort"
3,41,0,"age","3","cohort"
3,42,0,"age","3","cohort"
3,43,0.5,"age","3","cohort"
3,8507,0.125,"gender","3","cohort"
3,8532,0.125,"gender","3","cohort"
3,2017,0,"year","3","cohort"
3,2018,0.07692307692307693,"year","3","cohort"
3,2019,0.5,"year","3","cohort"
3,1,0,"month","3","cohort"
3,2,0,"month","3","cohort"
3,3,0.5,"month","3","cohort"
3,4,0,"month","3","cohort"
3,5,0,"month","3","cohort"
3,6,0.5,"month","3","cohort"
3,10,0,"month","3","cohort"
3,11,0,"month","3","cohort"
3,12,0,"month","3","cohort"
4,32,1,"age","3","population"
4,34,0,"age","3","population"
4,35,0,"age","3","population"
4,37,0,"age","3","population"
4,38,0,"age","3","population"
4,39,0,"age","3","population"
4,40,0,"age","3","population"
4,41,0,"age","3","population"
4,42,0,"age","3","population"
4,43,0.5,"age","3","population"
4,8507,0.125,"gender","3","population"
4,8532,0.125,"gender","3","population"
4,2017,0,"year","3","population"
4,2018,0.07692307692307693,"year","3","population"
4,2019,0.5,"year","3","population"
4,1,0,"month","3","population"
4,2,0,"month","3","population"
4,3,0.5,"month","3","population"
4,4,0,"month","3","population"
4,5,0,"month","3","population"
4,6,0.5,"month","3","population"
4,10,0,"month","3","population"
4,11,0,"month","3","population"
4,12,0,"month","3","population"
4,32,1,"age","3","cohort"
4,34,0,"age","3","cohort"
4,35,0,"age","3","cohort"
4,37,0,"age","3","cohort"
4,38,0,"age","3","cohort"
4,39,0,"age","3","cohort"
4,40,0,"age","3","cohort"
4,41,0,"age","3","cohort"
4,42,0,"age","3","cohort"
4,43,0.5,"age","3","cohort"
4,8507,0.125,"gender","3","cohort"
4,8532,0.125,"gender","3","cohort"
4,2017,0,"year","3","cohort"
4,2018,0.07692307692307693,"year","3","cohort"
4,2019,0.5,"year","3","cohort"
4,1,0,"month","3","cohort"
4,2,0,"month","3","cohort"
4,3,0.5,"month","3","cohort"
4,4,0,"month","3","cohort"
4,5,0,"month","3","cohort"
4,6,0.5,"month","3","cohort"
4,10,0,"month","3","cohort"
4,11,0,"month","3","cohort"
4,12,0,"month","3","cohort"
