﻿"diagnostic_id","days_to_event","outcome_at_time","observed_at_start_of_day","probast_id","input_type"
1,8,1,31,"2.2","populationSettings"
1,10,2,30,"2.2","populationSettings"
1,15,1,27,"2.2","populationSettings"
1,21,1,26,"2.2","populationSettings"
1,25,1,25,"2.2","populationSettings"
1,26,1,24,"2.2","populationSettings"
1,37,1,22,"2.2","populationSettings"
1,47,1,21,"2.2","populationSettings"
1,64,1,20,"2.2","populationSettings"
1,65,1,19,"2.2","populationSettings"
1,70,1,17,"2.2","populationSettings"
1,79,1,14,"2.2","populationSettings"
1,85,1,13,"2.2","populationSettings"
1,NA,0,0,"2.2","populationSettings"
1,8,1,31,"2.2","10-year"
1,10,2,30,"2.2","10-year"
1,15,1,27,"2.2","10-year"
1,21,1,26,"2.2","10-year"
1,25,1,25,"2.2","10-year"
1,26,1,24,"2.2","10-year"
1,37,1,22,"2.2","10-year"
1,47,1,21,"2.2","10-year"
1,64,1,20,"2.2","10-year"
1,65,1,19,"2.2","10-year"
1,70,1,17,"2.2","10-year"
1,79,1,14,"2.2","10-year"
1,85,1,13,"2.2","10-year"
1,NA,0,0,"2.2","10-year"
2,8,1,31,"2.2","populationSettings"
2,10,2,30,"2.2","populationSettings"
2,15,1,27,"2.2","populationSettings"
2,21,1,26,"2.2","populationSettings"
2,25,1,25,"2.2","populationSettings"
2,26,1,24,"2.2","populationSettings"
2,37,1,22,"2.2","populationSettings"
2,47,1,21,"2.2","populationSettings"
2,64,1,20,"2.2","populationSettings"
2,65,1,19,"2.2","populationSettings"
2,70,1,17,"2.2","populationSettings"
2,79,1,14,"2.2","populationSettings"
2,85,1,13,"2.2","populationSettings"
2,NA,0,0,"2.2","populationSettings"
2,8,1,31,"2.2","10-year"
2,10,2,30,"2.2","10-year"
2,15,1,27,"2.2","10-year"
2,21,1,26,"2.2","10-year"
2,25,1,25,"2.2","10-year"
2,26,1,24,"2.2","10-year"
2,37,1,22,"2.2","10-year"
2,47,1,21,"2.2","10-year"
2,64,1,20,"2.2","10-year"
2,65,1,19,"2.2","10-year"
2,70,1,17,"2.2","10-year"
2,79,1,14,"2.2","10-year"
2,85,1,13,"2.2","10-year"
2,NA,0,0,"2.2","10-year"
3,71,1,14,"2.2","populationSettings"
3,88,1,13,"2.2","populationSettings"
3,NA,0,0,"2.2","populationSettings"
3,71,1,14,"2.2","10-year"
3,88,1,13,"2.2","10-year"
3,NA,0,0,"2.2","10-year"
4,71,1,14,"2.2","populationSettings"
4,88,1,13,"2.2","populationSettings"
4,NA,0,0,"2.2","populationSettings"
4,71,1,14,"2.2","10-year"
4,88,1,13,"2.2","10-year"
4,NA,0,0,"2.2","10-year"
