﻿"diagnostic_id","design","metric","value","probast_id"
1,"priorOutcomeLookback: 0","N",31,"1.2.4"
1,"priorOutcomeLookback: 0","outcomePercent",45.16129032258064,"1.2.4"
1,"priorOutcomeLookback: 0","minAge",33,"1.2.4"
1,"priorOutcomeLookback: 0","meanAge",39.25806451612903,"1.2.4"
1,"priorOutcomeLookback: 0","medianAge",39,"1.2.4"
1,"priorOutcomeLookback: 0","maxAge",44,"1.2.4"
1,"priorOutcomeLookback: 0","malePercent",45.16129032258064,"1.2.4"
1,"priorOutcomeLookback: 99999","N",31,"1.2.4"
1,"priorOutcomeLookback: 99999","outcomePercent",45.16129032258064,"1.2.4"
1,"priorOutcomeLookback: 99999","minAge",33,"1.2.4"
1,"priorOutcomeLookback: 99999","meanAge",39.25806451612903,"1.2.4"
1,"priorOutcomeLookback: 99999","medianAge",39,"1.2.4"
1,"priorOutcomeLookback: 99999","maxAge",44,"1.2.4"
1,"priorOutcomeLookback: 99999","malePercent",45.16129032258064,"1.2.4"
2,"priorOutcomeLookback: 0","N",31,"1.2.4"
2,"priorOutcomeLookback: 0","outcomePercent",45.16129032258064,"1.2.4"
2,"priorOutcomeLookback: 0","minAge",33,"1.2.4"
2,"priorOutcomeLookback: 0","meanAge",39.25806451612903,"1.2.4"
2,"priorOutcomeLookback: 0","medianAge",39,"1.2.4"
2,"priorOutcomeLookback: 0","maxAge",44,"1.2.4"
2,"priorOutcomeLookback: 0","malePercent",45.16129032258064,"1.2.4"
2,"priorOutcomeLookback: 99999","N",31,"1.2.4"
2,"priorOutcomeLookback: 99999","outcomePercent",45.16129032258064,"1.2.4"
2,"priorOutcomeLookback: 99999","minAge",33,"1.2.4"
2,"priorOutcomeLookback: 99999","meanAge",39.25806451612903,"1.2.4"
2,"priorOutcomeLookback: 99999","medianAge",39,"1.2.4"
2,"priorOutcomeLookback: 99999","maxAge",44,"1.2.4"
2,"priorOutcomeLookback: 99999","malePercent",45.16129032258064,"1.2.4"
3,"priorOutcomeLookback: 0","N",16,"1.2.4"
3,"priorOutcomeLookback: 0","outcomePercent",12.5,"1.2.4"
3,"priorOutcomeLookback: 0","minAge",32,"1.2.4"
3,"priorOutcomeLookback: 0","meanAge",38.625,"1.2.4"
3,"priorOutcomeLookback: 0","medianAge",39,"1.2.4"
3,"priorOutcomeLookback: 0","maxAge",43,"1.2.4"
3,"priorOutcomeLookback: 0","malePercent",50,"1.2.4"
3,"priorOutcomeLookback: 99999","N",16,"1.2.4"
3,"priorOutcomeLookback: 99999","outcomePercent",12.5,"1.2.4"
3,"priorOutcomeLookback: 99999","minAge",32,"1.2.4"
3,"priorOutcomeLookback: 99999","meanAge",38.625,"1.2.4"
3,"priorOutcomeLookback: 99999","medianAge",39,"1.2.4"
3,"priorOutcomeLookback: 99999","maxAge",43,"1.2.4"
3,"priorOutcomeLookback: 99999","malePercent",50,"1.2.4"
4,"priorOutcomeLookback: 0","N",16,"1.2.4"
4,"priorOutcomeLookback: 0","outcomePercent",12.5,"1.2.4"
4,"priorOutcomeLookback: 0","minAge",32,"1.2.4"
4,"priorOutcomeLookback: 0","meanAge",38.625,"1.2.4"
4,"priorOutcomeLookback: 0","medianAge",39,"1.2.4"
4,"priorOutcomeLookback: 0","maxAge",43,"1.2.4"
4,"priorOutcomeLookback: 0","malePercent",50,"1.2.4"
4,"priorOutcomeLookback: 99999","N",16,"1.2.4"
4,"priorOutcomeLookback: 99999","outcomePercent",12.5,"1.2.4"
4,"priorOutcomeLookback: 99999","minAge",32,"1.2.4"
4,"priorOutcomeLookback: 99999","meanAge",38.625,"1.2.4"
4,"priorOutcomeLookback: 99999","medianAge",39,"1.2.4"
4,"priorOutcomeLookback: 99999","maxAge",43,"1.2.4"
4,"priorOutcomeLookback: 99999","malePercent",50,"1.2.4"
