table_name,column_name,data_type,is_required,primary_key,empty_is_na,mincellcount,description
plp_cohorts,cohort_id,int,Yes,Yes,No,No,a unique identifier for the cohort in the plp results database
plp_cohorts,cohort_definition_id,bigint,Yes,No,No,No,the identifier in ATLAS for the cohort
plp_cohorts,cohort_name,varchar,Yes,No,No,No,the name of the cohort
plp_cohort_definition,cohort_definition_id,bigint,Yes,No,No,No,The ATLAS cohort definition id
plp_cohort_definition,cohort_name,varchar,Yes,No,No,No,The name of the cohort
plp_cohort_definition,description,text,No,No,Yes,No,A description of the cohort
plp_cohort_definition,json,text,Yes,No,No,No,The json spec for the cohort
plp_cohort_definition,sql_command,text,No,No,Yes,No,The SQL used to create the cohort
plp_database_meta_data,database_id,varchar,Yes,Yes,Yes,No,The shared databaseId
plp_database_meta_data,cdm_source_name,varchar,Yes,No,Yes,No,The name of the database
plp_database_meta_data,cdm_source_abbreviation,varchar,Yes,No,Yes,No,The abbreviated name of the database
plp_database_meta_data,cdm_holder,varchar,No,No,Yes,No,The owner of the CDM
plp_database_meta_data,source_description,text,No,No,Yes,No,The full description of the database
plp_database_meta_data,source_documentation_reference,varchar,No,No,Yes,No,The link to the documentation
plp_database_meta_data,cdm_etl_reference,varchar,No,No,Yes,No,The link to the ETL document
plp_database_meta_data,source_release_date,varchar,No,No,Yes,No,The release date for the data
plp_database_meta_data,cdm_release_date,varchar,No,No,Yes,No,The release date for the CDM data
plp_database_meta_data,cdm_version,varchar,No,No,Yes,No,The vocabulary version
plp_database_meta_data,vocabulary_version,varchar,No,No,Yes,No,The max date in the database
plp_database_meta_data,max_obs_period_end_date,varchar,No,No,Yes,No,NA
plp_database_details,database_id,int,Yes,Yes,No,No,a unique identifier for the database
plp_database_details,database_meta_data_id,varchar,Yes,No,No,No,The shared databaseId
plp_tars,tar_id,int,Yes,Yes,No,No,a unique identifier for the tar
plp_tars,tar_start_day,int,Yes,No,No,No,the number of days offset the tar_start_anchor for the time-at-risk to start
plp_tars,tar_start_anchor,varchar,Yes,No,No,No,whether to use the cohort start or cohort end
plp_tars,tar_end_day,int,Yes,No,No,No,the number of days offset the tar_end_anchor for the time-at-risk to end
plp_tars,tar_end_anchor,varchar,Yes,No,No,No,whether to use the cohort start or cohort end
plp_population_settings,population_setting_id,int,Yes,Yes,No,No,a unique identifier for the population settings
plp_population_settings,population_settings_json,text,Yes,No,No,No,the json with the settings
plp_covariate_settings,covariate_setting_id,int,Yes,Yes,No,No,a unique identifier for the covaraite settings
plp_covariate_settings,covariate_settings_json,text,Yes,No,No,No,the json with the settings
plp_model_settings,model_setting_id,int,Yes,Yes,No,No,a unique identifier for the model settings
plp_model_settings,model_type,varchar,No,No,No,No,the type of model
plp_model_settings,model_settings_json,varchar,Yes,No,No,No,the json with the settings
plp_split_settings,split_setting_id,int,Yes,Yes,No,No,a unique identifier for the split settings
plp_split_settings,split_settings_json,text,Yes,No,No,No,the json with the settings
plp_plp_data_settings,plp_data_setting_id,int,Yes,Yes,No,No,a unique identifier for the plp data settings
plp_plp_data_settings,plp_data_settings_json,text,Yes,No,No,No,the json with the settings
plp_feature_engineering_settings,feature_engineering_setting_id,int,Yes,Yes,No,No,a unique identifier for the feature engineering settings
plp_feature_engineering_settings,feature_engineering_settings_json,text,Yes,No,No,No,the json with the settings
plp_tidy_covariates_settings,tidy_covariates_setting_id,int,Yes,Yes,No,No,a unique identifier for the tidy covariates settings
plp_tidy_covariates_settings,tidy_covariates_settings_json,text,Yes,No,No,No,the json with the settings
plp_sample_settings,sample_setting_id,int,Yes,Yes,No,No,a unique identifier for the sample settings
plp_sample_settings,sample_settings_json,text,Yes,No,No,No,the json with the settings
plp_model_designs,model_design_id,int,Yes,Yes,No,No,a unique identifier for the model design settings
plp_model_designs,target_id,int,Yes,No,No,No,the  identifier for the target cohort id
plp_model_designs,outcome_id,int,Yes,No,No,No,the  identifier for the outcome cohort id
plp_model_designs,tar_id,int,Yes,No,No,No,the  identifier for the time at risk setting
plp_model_designs,plp_data_setting_id,int,Yes,No,No,No,the  identifier for the plp data setting
plp_model_designs,population_setting_id,int,Yes,No,No,No,the  identifier for the population setting
plp_model_designs,model_setting_id,int,Yes,No,No,No,the  identifier for the model setting
plp_model_designs,covariate_setting_id,int,Yes,No,No,No,the  identifier for the covaraite setting
plp_model_designs,sample_setting_id,int,Yes,No,No,No,the  identifier for the sample setting
plp_model_designs,split_setting_id,int,Yes,No,No,No,the  identifier for the split setting
plp_model_designs,feature_engineering_setting_id,int,Yes,No,No,No,the  identifier for the feature engineering setting
plp_model_designs,tidy_covariates_setting_id,int,Yes,No,No,No,the  identifier for the tidy covariate setting
plp_diagnostics,diagnostic_id,int,Yes,Yes,No,No,the unique identifier for the diagnostic results
plp_diagnostics,model_design_id,int,Yes,No,No,No,the identifier for the model design
plp_diagnostics,database_id,int,Yes,No,No,No,the identifier for the database
plp_diagnostics,execution_date_time,varchar,No,No,No,No,the date/time the diagnostic was run
plp_diagnostic_summary,diagnostic_id,int,Yes,No,No,No,the identifier for the diagnostics
plp_diagnostic_summary,probast_id,varchar,Yes,No,No,No,the probast id being diagnosed
plp_diagnostic_summary,result_value,varchar,Yes,No,No,No,the diagnostic result
plp_diagnostic_predictors,diagnostic_id,int,Yes,No,No,No,the identifier for the diagnostics
plp_diagnostic_predictors,days_to_event,int,Yes,No,No,No,the time between index to the day of interest
plp_diagnostic_predictors,outcome_at_time,int,Yes,No,No,Yes,the number of outcomes on the day of interest
plp_diagnostic_predictors,observed_at_start_of_day,bigint,Yes,No,No,Yes,the number of people observed up to the day of interest
plp_diagnostic_predictors,input_type,varchar,Yes,No,No,No,the setting id the results are for
plp_diagnostic_participants,diagnostic_id,int,Yes,No,No,No,the identifier for the diagnostics
plp_diagnostic_participants,design,varchar,Yes,No,No,No,the inclusion criteria of interest
plp_diagnostic_participants,metric,varchar,Yes,No,No,No,the metric calculated
plp_diagnostic_participants,value,float,Yes,No,No,No,the value calculated
plp_diagnostic_participants,probast_id,varchar,Yes,No,No,No,the corresponding probast id
plp_diagnostic_outcomes,diagnostic_id,int,Yes,No,No,No,the identifier for the diagnostics
plp_diagnostic_outcomes,xvalue,int,Yes,No,No,No,the value for the x-axis
plp_diagnostic_outcomes,outcome_percent,float,Yes,No,No,No,the percentage of people with the outcome
plp_diagnostic_outcomes,aggregation,varchar,Yes,No,No,No,"the type of aggregation (age,sex, year)"
plp_diagnostic_outcomes,probast_id,varchar,Yes,No,No,No,the corresponding probast id
plp_diagnostic_outcomes,input_type,varchar,Yes,No,No,No,the inclusion criteria of interest
plp_diagnostic_designs,diagnostic_id,int,Yes,Yes,No,No,the identifier for the diagnostics
plp_diagnostic_designs,probast_id,varchar,Yes,No,No,No,not used
plp_diagnostic_designs,value,varchar,Yes,No,No,No,not used
plp_models,model_id,int,Yes,Yes,No,No,A unique identifier for the model
plp_models,analysis_id,varchar,No,No,No,No,The analysis id from the model
plp_models,model_design_id,int,Yes,No,No,No,The corresponding model design id
plp_models,database_id,int,Yes,No,No,No,The corresponding database id
plp_models,model_type,varchar,No,No,No,No,The type of model
plp_models,plp_model_file,text,Yes,No,No,No,A directory where the model is saved
plp_models,train_details,text,Yes,No,No,No,json containing the training details
plp_models,preprocessing,text,No,No,No,No,json containing the preprocessing details
plp_models,execution_date_time,varchar,No,No,No,No,the date/time the model was trained
plp_models,training_time,varchar,No,No,No,No,the time it took to develop the model
plp_models,intercept,float,No,No,No,No,the intercept (if the model is a GLM)
plp_recalibrations,recalibration_id,int,Yes,Yes,No,No,A unique identifier for the recalibration
plp_recalibrations,original_model_id,int,Yes,No,No,No,The corresponding uncalibrated model id
plp_recalibrations,recalibrated_model_id,int,Yes,No,No,No,The model id for the recalibrated model
plp_recalibrations,recalibration_type,varchar,Yes,No,No,No,The type of recalibration
plp_recalibrations,recalibration_json,varchar,Yes,No,No,No,The recalibration details
plp_performances,performance_id,int,Yes,Yes,No,No,A unique identifier for the performance
plp_performances,model_design_id,int,Yes,No,No,No,The corresponding model design id for development
plp_performances,development_database_id,int,Yes,No,No,No,The corresponding development database is
plp_performances,validation_database_id,int,Yes,No,No,No,The corresponding validation database is
plp_performances,target_id,int,Yes,No,No,No,The corresponding validation target cohort id
plp_performances,outcome_id,int,Yes,No,No,No,The corresponding validation outcome cohort id
plp_performances,tar_id,int,Yes,No,No,No,The corresponding validation time at risk id
plp_performances,plp_data_setting_id,int,Yes,No,No,No,The corresponding validation data settings id
plp_performances,population_setting_id,int,Yes,No,No,No,The corresponding validation population settings id
plp_performances,model_development,int,No,No,No,No,flag whether the performage is development or validation
plp_performances,execution_date_time,varchar,Yes,No,No,No,The date/time the validation was executed
plp_performances,plp_version,varchar,Yes,No,No,No,The PLP version for the validation execution
plp_attrition,performance_id,int,Yes,No,No,No,The corresponding performance id
plp_attrition,outcome_id,int,Yes,No,No,No,The corresponding outcome id
plp_attrition,description,varchar,Yes,No,No,No,A description of the inclusions/exclusion
plp_attrition,target_count,int,Yes,No,No,No,The number of target patients remaining
plp_attrition,unique_people,int,Yes,No,No,No,The number of distinct target patients remaining
plp_attrition,outcomes,int,Yes,No,No,No,The number of target patients with the outcome remaining
plp_prediction_distribution,performance_id,int,Yes,No,No,No,The corresponding performance id
plp_prediction_distribution,evaluation,varchar,Yes,No,No,No,The type of evalaution (test/train/CV)
plp_prediction_distribution,class_label,int,Yes,No,No,No,whether the group is the with outcome or without outcome
plp_prediction_distribution,person_count,int,Yes,No,No,No,the number of patients
plp_prediction_distribution,average_predicted_probability,float,Yes,No,No,No,the mean predicted risk
plp_prediction_distribution,st_dev_predicted_probability,float,Yes,No,No,No,the standard deviation of the predicted risk
plp_prediction_distribution,min_predicted_probability,float,Yes,No,No,No,the min predicted risk
plp_prediction_distribution,p_05_predicted_probability,float,Yes,No,No,No,the 5% quantile of predicted risk
plp_prediction_distribution,p_25_predicted_probability,float,Yes,No,No,No,the 25% quantile of predicted risk
plp_prediction_distribution,median_predicted_probability,float,Yes,No,No,No,The median predicted risk
plp_prediction_distribution,p_75_predicted_probability,float,Yes,No,No,No,the 75% quantile of predicted risk
plp_prediction_distribution,p_95_predicted_probability,float,Yes,No,No,No,the 95% quantile of predicted risk
plp_prediction_distribution,max_predicted_probability,float,Yes,No,No,No,the max predicted risk
plp_covariate_summary,performance_id,int,Yes,No,No,No,The corresponding performance id
plp_covariate_summary,covariate_id,bigint,Yes,No,No,No,The id for the covariate
plp_covariate_summary,covariate_name,varchar,Yes,No,No,No,the name for the covariate
plp_covariate_summary,concept_id,float,Yes,No,No,No,the concept id used to construct the covariate
plp_covariate_summary,covariate_value,float,Yes,No,No,No,the coefficient or covariate importance
plp_covariate_summary,covariate_count,int,Yes,No,No,Yes,the number of people with the covariate
plp_covariate_summary,covariate_mean,float,Yes,No,No,No,the mean value
plp_covariate_summary,covariate_st_dev,float,Yes,No,No,No,the standard deviation of the values
plp_covariate_summary,with_no_outcome_covariate_count,int,Yes,No,No,Yes,the number of people without the outcome with the covariate
plp_covariate_summary,with_no_outcome_covariate_mean,float,Yes,No,No,No,the mean value for people without the outcome
plp_covariate_summary,with_no_outcome_covariate_st_dev,float,Yes,No,No,No,the standard deviation of the values for people without the outcome
plp_covariate_summary,with_outcome_covariate_count,int,Yes,No,No,Yes,the number of people with the outcome with the covariate
plp_covariate_summary,with_outcome_covariate_mean,float,Yes,No,No,No,the mean value for people with the outcome
plp_covariate_summary,with_outcome_covariate_st_dev,float,Yes,No,No,No,the standard deviation of the values for people with the outcome
plp_covariate_summary,standardized_mean_diff,float,Yes,No,No,No,The standardized mean difference for those with and without the outcome
plp_threshold_summary,performance_id,int,Yes,No,No,No,The corresponding performance id
plp_threshold_summary,evaluation,varchar,Yes,No,No,No,The type of evalaution (test/train/CV)
plp_threshold_summary,prediction_threshold,float,Yes,No,No,No,The cut-off value being summarised
plp_threshold_summary,preference_threshold,float,Yes,No,No,No,the preference score of the cut-off value
plp_threshold_summary,positive_count,int,Yes,No,No,No,the number of patients predicted to have the outcome at the cut-off
plp_threshold_summary,negative_count,int,Yes,No,No,No,the number of patients predicted to not have the outcome at the cut-off
plp_threshold_summary,true_count,int,Yes,No,No,No,the number of patients with the outcome
plp_threshold_summary,false_count,int,Yes,No,No,No,the number of patients without the outcome
plp_threshold_summary,true_positive_count,int,Yes,No,No,No,the number of patients correctly predicted to have the outcome at the cut-off
plp_threshold_summary,true_negative_count,int,Yes,No,No,No,the number of patients correctly predicted to not have the outcome at the cut-off
plp_threshold_summary,false_positive_count,int,Yes,No,No,No,the number of patients incorrectly predicted to have the outcome at the cut-off
plp_threshold_summary,false_negative_count,int,Yes,No,No,No,the number of patients incorrectly predicted to not have the outcome at the cut-off
plp_threshold_summary,f_1_score,float,No,No,Yes,No,the named metric at the cut-off
plp_threshold_summary,accuracy,float,No,No,Yes,No,the named metric at the cut-off
plp_threshold_summary,sensitivity,float,No,No,Yes,No,the named metric at the cut-off
plp_threshold_summary,false_negative_rate,float,No,No,Yes,No,the named metric at the cut-off
plp_threshold_summary,false_positive_rate,float,No,No,Yes,No,the named metric at the cut-off
plp_threshold_summary,specificity,float,No,No,Yes,No,the named metric at the cut-off
plp_threshold_summary,positive_predictive_value,float,No,No,Yes,No,the named metric at the cut-off
plp_threshold_summary,false_discovery_rate,float,No,No,Yes,No,the named metric at the cut-off
plp_threshold_summary,negative_predictive_value,float,No,No,Yes,No,the named metric at the cut-off
plp_threshold_summary,false_omission_rate,float,No,No,Yes,No,the named metric at the cut-off
plp_threshold_summary,positive_likelihood_ratio,float,No,No,Yes,No,the named metric at the cut-off
plp_threshold_summary,negative_likelihood_ratio,float,No,No,Yes,No,the named metric at the cut-off
plp_threshold_summary,diagnostic_odds_ratio,float,No,No,Yes,No,the named metric at the cut-off
plp_calibration_summary,performance_id,int,Yes,No,No,No,The corresponding performance id
plp_calibration_summary,evaluation,varchar,Yes,No,No,No,The type of evalaution (test/train/CV)
plp_calibration_summary,prediction_threshold,float,Yes,No,No,No,The cut-off value being summarised
plp_calibration_summary,person_count_at_risk,int,Yes,No,No,Yes,The number of people in the target population
plp_calibration_summary,person_count_with_outcome,int,Yes,No,No,Yes,The number of target patients with the outcome during TAR
plp_calibration_summary,average_predicted_probability,float,Yes,No,No,No,the mean predicted risk
plp_calibration_summary,st_dev_predicted_probability,float,Yes,No,No,No,the standard deviation of the predicted risk
plp_calibration_summary,min_predicted_probability,float,Yes,No,No,No,the min predicted risk
plp_calibration_summary,p_25_predicted_probability,float,Yes,No,No,No,the 25% quantile of predicted risk
plp_calibration_summary,median_predicted_probability,float,Yes,No,No,No,The median predicted risk
plp_calibration_summary,p_75_predicted_probability,float,Yes,No,No,No,the 75% quantile of predicted risk
plp_calibration_summary,max_predicted_probability,float,Yes,No,No,No,the max predicted risk
plp_calibration_summary,observed_incidence,float,Yes,No,No,No,The true incidence (outcome %)
plp_evaluation_statistics,performance_id,int,Yes,No,No,No,The corresponding performance id
plp_evaluation_statistics,evaluation,varchar,Yes,No,No,No,The type of evalaution (test/train/CV)
plp_evaluation_statistics,metric,varchar,Yes,No,No,No,The metric of interest
plp_evaluation_statistics,value,float,Yes,No,No,No,The value for the metric of interest
plp_demographic_summary,performance_id,int,Yes,No,No,No,The corresponding performance id
plp_demographic_summary,evaluation,varchar,Yes,No,No,No,The type of evalaution (test/train/CV)
plp_demographic_summary,age_group,varchar,Yes,No,No,No,The age group of interest
plp_demographic_summary,gen_group,varchar,Yes,No,No,No,The gender of interest
plp_demographic_summary,person_count_at_risk,int,Yes,No,No,Yes,The number of target patients with the age/gender of interest
plp_demographic_summary,person_count_with_outcome,int,Yes,No,No,Yes,The number of target patients with the age/gender of interest who also have the outcome during TAR
plp_demographic_summary,average_predicted_probability,float,Yes,No,No,No,the mean predicted risk
plp_demographic_summary,st_dev_predicted_probability,float,Yes,No,No,No,the standard deviation of the predicted risk
plp_demographic_summary,min_predicted_probability,float,Yes,No,No,No,the min predicted risk
plp_demographic_summary,p_25_predicted_probability,float,Yes,No,No,No,the 25% quantile of predicted risk
plp_demographic_summary,p_50_predicted_probability,float,Yes,No,No,No,The median predicted risk
plp_demographic_summary,p_75_predicted_probability,float,Yes,No,No,No,the 75% quantile of predicted risk
plp_demographic_summary,max_predicted_probability,float,Yes,No,No,No,the max predicted risk
