cohort_id,cohort_name,generation_status,start_time,end_time,database_id
1,celecoxib,COMPLETE,2025-01-16T00:21:16Z,2025-01-16T00:21:16Z,388020256
2,diclofenac,COMPLETE,2025-01-16T00:21:16Z,2025-01-16T00:21:16Z,388020256
3,GI Bleed,COMPLETE,2025-01-16T00:21:16Z,2025-01-16T00:21:16Z,388020256
1001,celecoxib - New Users first ever occurence with at least 365 days prior observation,COMPLETE,2025-01-16T00:21:16Z,2025-01-16T00:21:16Z,388020256
2001,diclofenac - New Users first ever occurence with at least 365 days prior observation,COMPLETE,2025-01-16T00:21:16Z,2025-01-16T00:21:16Z,388020256
