cohort_id,cohort_name,outcome_concept_id,occurrence_type,detect_on_descendants
101,Acute pancreatitis,199074,first,TRUE
102,Alcohol abuse,433753,first,TRUE
103,Allergic rhinitis,257007,first,TRUE
104,Amenorrhea,443800,first,TRUE
105,Bipolar disorder,436665,first,TRUE
106,Candida infection of genital region,4084966,first,TRUE
107,Candidiasis of mouth,29735,first,TRUE
108,Cardiomegaly,314658,first,TRUE
109,Carotid artery obstruction,4288310,first,TRUE
110,Carpal tunnel syndrome,380094,first,TRUE
111,Chronic obstructive lung disease,255573,first,TRUE
112,Conduct disorder,443617,first,TRUE
113,Dysplasia of cervix,192367,first,TRUE
114,Gastrointestinal hemorrhage,192671,first,TRUE
115,Hirsutism,134718,first,TRUE
116,Hydronephrosis,433811,first,TRUE
117,Hypersomnia,438134,first,TRUE
118,Hypoglycemia,24609,first,TRUE
119,Infectious mononucleosis,437784,first,TRUE
120,Ingrowing nail,139099,first,TRUE
121,Injury of hand,80004,first,TRUE
122,Lipoma,440358,first,TRUE
123,Lymphadenitis,316084,first,TRUE
124,Metabolic syndrome X,436940,first,TRUE
125,Mitral valve disorder,319843,first,TRUE
126,Obsessive-compulsive disorder,440374,first,TRUE
127,Ovarian failure,193739,first,TRUE
128,Perforation of tympanic membrane,375292,first,TRUE
129,Peripheral venous insufficiency,321596,first,TRUE
130,Posttraumatic stress disorder,436676,first,TRUE
131,Prostatitis,194997,first,TRUE
132,Restless legs,73754,first,TRUE
133,Senile hyperkeratosis,141932,first,TRUE
134,Sensorineural hearing loss,374366,first,TRUE
135,Sleep apnea,313459,first,TRUE
136,Uterine leiomyoma,197236,first,TRUE
