﻿concept_id,concept_name,domain_id,vocabulary_id,concept_class_id,standard_concept,concept_code,valid_start_date,valid_end_date,invalid_reason
35208414,"Gastrointestinal hemorrhage, unspecified",Condition,ICD10CM,4-char billing code,,K92.2,2007-01-01,2099-12-31,
44923712,celecoxib 200 MG Oral Capsule [Celebrex],Drug,NDC,11-digit NDC,,00025152531,2000-01-01,2099-12-31,
45011828,Diclofenac Sodium 75 MG Delayed Release Oral Tablet,Drug,NDC,11-digit NDC,,00781178901,2000-01-01,2099-12-31,
1124300,Diclofenac,Drug,RxNorm,Ingredient,S,3355,1970-01-01,2099-12-31,
1118084,celecoxib,Drug,RxNorm,Ingredient,S,140587,1970-01-01,2099-12-31,
9201,Inpatient Visit,Visit,Visit,Visit,S,IP,1970-01-01,2099-12-31,
192671,Gastrointestinal hemorrhage,Condition,SNOMED,Clinical Finding,S,74474003,1970-01-01,2099-12-31,
