database_id,start_time,variable_field,value_field
388020256,TM_2025-01-17 03:45:50.447776,timeZone,America/New_York
388020256,TM_2025-01-17 03:45:50.447776,runTime,0.72237491607666
388020256,TM_2025-01-17 03:45:50.447776,runTimeUnits,secs
388020256,TM_2025-01-17 03:45:50.447776,packageDependencySnapShotJson,{}
388020256,TM_2025-01-17 03:45:50.447776,argumentsAtDiagnosticsInitiationJson,"{
	""runInclusionStatistics"" : true,
	""runIncludedSourceConcepts"" : true,
	""runOrphanConcepts"" : true,
	""runTimeSeries"" : false,
	""runVisitContext"" : true,
	""runBreakdownIndexEvents"" : true,
	""runIncidenceRate"" : true,
	""runTemporalCohortCharacterization"" : true,
	""minCellCount"" : 5,
	""minCharacterizationMean"" : 0.010000000000000000208167,
	""incremental"" : false,
	""temporalCovariateSettings"" : {
		""temporal"" : true,
		""temporalSequence"" : false,
		""DemographicsGender"" : true,
		""DemographicsAge"" : true,
		""DemographicsAgeGroup"" : true,
		""DemographicsRace"" : true,
		""DemographicsEthnicity"" : true,
		""DemographicsIndexYear"" : true,
		""DemographicsIndexMonth"" : true,
		""DemographicsPriorObservationTime"" : true,
		""DemographicsPostObservationTime"" : true,
		""DemographicsTimeInCohort"" : true,
		""DemographicsIndexYearMonth"" : true,
		""ConditionOccurrence"" : true,
		""ConditionEraStart"" : true,
		""ConditionEraOverlap"" : true,
		""ConditionEraGroupOverlap"" : true,
		""DrugEraStart"" : true,
		""DrugEraGroupOverlap"" : true,
		""ProcedureOccurrence"" : true,
		""DeviceExposure"" : true,
		""Measurement"" : true,
		""Observation"" : true,
		""CharlsonIndex"" : true,
		""Dcsi"" : true,
		""Chads2"" : true,
		""Chads2Vasc"" : true,
		""temporalStartDays"" : [
			-9999,
			-365,
			-180,
			-30,
			-365,
			-30,
			0,
			1,
			31,
			-9999
		],
		""temporalEndDays"" : [
			0,
			0,
			0,
			0,
			-31,
			-1,
			0,
			30,
			365,
			9999
		],
		""includedCovariateConceptIds"" : [],
		""addDescendantsToInclude"" : false,
		""excludedCovariateConceptIds"" : [],
		""addDescendantsToExclude"" : false,
		""includedCovariateIds"" : []
	}
}"
388020256,TM_2025-01-17 03:45:50.447776,rversion,R version 4.4.1 (2024-06-14 ucrt)
388020256,TM_2025-01-17 03:45:50.447776,currentPackage,CohortDiagnostics
388020256,TM_2025-01-17 03:45:50.447776,currentPackageVersion,3.3.0
388020256,TM_2025-01-17 03:45:50.447776,sourceDescription,"SyntheaTM is a Synthetic Patient Population Simulator. The goal is to output synthetic, realistic (but not real), patient data and associated health records in a variety of formats."
388020256,TM_2025-01-17 03:45:50.447776,cdmSourceName,Synthea synthetic health database
388020256,TM_2025-01-17 03:45:50.447776,sourceReleaseDate,2019-05-25
388020256,TM_2025-01-17 03:45:50.447776,cdmVersion,v5.3.1
388020256,TM_2025-01-17 03:45:50.447776,cdmReleaseDate,2019-05-25
388020256,TM_2025-01-17 03:45:50.447776,vocabularyVersion,v5.0 18-JAN-19
388020256,TM_2025-01-17 03:45:50.447776,datasourceName,Synthea synthetic health database
388020256,TM_2025-01-17 03:45:50.447776,datasourceDescription,"SyntheaTM is a Synthetic Patient Population Simulator. The goal is to output synthetic, realistic (but not real), patient data and associated health records in a variety of formats."
388020256,TM_2025-01-17 03:45:50.447776,vocabularyVersionCdm,v5.0 18-JAN-19
388020256,TM_2025-01-17 03:45:50.447776,observationPeriodMinDate,1908-09-22
388020256,TM_2025-01-17 03:45:50.447776,observationPeriodMaxDate,2019-07-03
388020256,TM_2025-01-17 03:45:50.447776,personsInDatasource,5343
388020256,TM_2025-01-17 03:45:50.447776,recordsInDatasource,5343
388020256,TM_2025-01-17 03:45:50.447776,personDaysInDatasource,76944551
