covariate_id,covariate_name,analysis_id,concept_id
3000876701,measurement: Codfish IgE Ab [Units/volume] in Serum,701,3000876
3000963701,measurement: Hemoglobin,701,3000963
3001247701,measurement: Common Ragweed IgE Ab [Units/volume] in Serum,701,3001247
3001488701,measurement: Cow milk IgE Ab [Units/volume] in Serum,701,3001488
3002385701,measurement: Erythrocyte distribution width [Ratio],701,3002385
3004501701,measurement: Glucose lab,701,3004501
3005136701,measurement: Cladosporium herbarum IgE Ab [Units/volume] in Serum,701,3005136
3006322701,measurement: Oral temperature,701,3006322
3006451701,measurement: Walnut IgE Ab [Units/volume] in Serum,701,3006451
3006734701,measurement: White Oak IgE Ab [Units/volume] in Serum,701,3006734
3006906701,measurement: Calcium serum/plasma serum/plasma,701,3006906
3006923701,measurement: Alanine aminotransferase serum/plasma,701,3006923
3007461701,measurement: Platelet count,701,3007461
3008598701,measurement: Thyroxine (T4) free [Mass/volume] in Serum or Plasma,701,3008598
3009201701,measurement: Thyrotropin [Units/volume] in Serum or Plasma,701,3009201
3009542701,measurement: Hematocrit,701,3009542
3010813701,measurement: White Blood cell (WBC) count (leukocyte),701,3010813
3011505701,measurement: FEV1/FVC,701,3011505
3012494701,measurement: Peanut IgE Ab [Units/volume] in Serum,701,3012494
3013682701,measurement: Urea nitrogen serum/plasma,701,3013682
3013721701,measurement: Aspartate aminotransferase serum/plasma,701,3013721
3014576701,measurement: Chloride serum/plasma,701,3014576
3014599701,measurement: Egg white IgE Ab [Units/volume] in Serum,701,3014599
3015076701,measurement: Soybean IgE Ab [Units/volume] in Serum,701,3015076
3015632701,measurement: Carbon dioxide serum/plasma,701,3015632
3016723701,measurement: Creatinine serum/plasma,701,3016723
3019406701,measurement: Latex IgE Ab [Units/volume] in Serum,701,3019406
3019550701,measurement: Sodium serum/plasma,701,3019550
3020630701,measurement: Protein serum/plasma,701,3020630
3020655701,measurement: Honey bee IgE Ab [Units/volume] in Serum,701,3020655
3021226701,measurement: Shrimp IgE Ab [Units/volume] in Serum,701,3021226
3023103701,measurement: Potassium serum/plasma,701,3023103
3023430701,measurement: Cat dander IgE Ab [Units/volume] in Serum,701,3023430
3024561701,measurement: Albumin serum/plasma,701,3024561
3024731701,measurement: MCV,701,3024731
3026361701,measurement: Red blood cell (RBC) count,701,3026361
3027231701,measurement: Wheat IgE Ab [Units/volume] in Serum,701,3027231
3027970701,measurement: Globulin [Mass/volume] in Serum by calculation,701,3027970
3028833701,measurement: Bilirubin.total [Mass/volume] in Blood,701,3028833
3035995701,measurement: Alkaline phosphatase serum/plasma,701,3035995
3036780701,measurement: American house dust mite IgE Ab [Units/volume] in Serum,701,3036780
3045716701,measurement: Anion gap serum/plasma,701,3045716
3049273701,measurement: DXA Radius and Ulna [T-score] Bone density,701,3049273
3051031701,measurement: History of Hospitalizations+Outpatient visits Narrative,701,3051031
4024958701,measurement: Throat culture,701,4024958
4052083701,measurement: Measurement of respiratory function,701,4052083
4133840701,measurement: Spirometry,701,4133840
21494966701,measurement: Physical findings of Abdomen by Palpation,701,21494966
40758406701,measurement: HIV status,701,40758406
40766240701,measurement: Are you covered by health insurance or some other kind of health care plan [PhenX],701,40766240
40769179701,measurement: Percentage area affected by eczema Head and Neck [PhenX],701,40769179
40769184701,measurement: Percentage area affected by eczema Upper extremity - bilateral [PhenX],701,40769184
40769189701,measurement: Percentage area affected by eczema Trunk [PhenX],701,40769189
40769194701,measurement: Percentage area affected by eczema Lower extremity - bilateral [PhenX],701,40769194
46235214701,measurement: Sexual orientation,701,46235214
1010,time (days) between cohort start and end,10,0
1901,Charlson index - Romano adaptation,901,0
1904,CHADS2VASc,904,0
1008,observation time (days) prior to index,8,0
1941006,index year: 1941,6,0
1943006,index year: 1943,6,0
1944006,index year: 1944,6,0
1945006,index year: 1945,6,0
1946006,index year: 1946,6,0
1947006,index year: 1947,6,0
1948006,index year: 1948,6,0
1949006,index year: 1949,6,0
1950006,index year: 1950,6,0
1951006,index year: 1951,6,0
1952006,index year: 1952,6,0
1953006,index year: 1953,6,0
1954006,index year: 1954,6,0
1955006,index year: 1955,6,0
1956006,index year: 1956,6,0
1957006,index year: 1957,6,0
1958006,index year: 1958,6,0
1959006,index year: 1959,6,0
1960006,index year: 1960,6,0
1961006,index year: 1961,6,0
1962006,index year: 1962,6,0
1963006,index year: 1963,6,0
1964006,index year: 1964,6,0
1965006,index year: 1965,6,0
1966006,index year: 1966,6,0
1967006,index year: 1967,6,0
1968006,index year: 1968,6,0
1969006,index year: 1969,6,0
1970006,index year: 1970,6,0
1971006,index year: 1971,6,0
1972006,index year: 1972,6,0
1973006,index year: 1973,6,0
1974006,index year: 1974,6,0
1975006,index year: 1975,6,0
1976006,index year: 1976,6,0
1977006,index year: 1977,6,0
1978006,index year: 1978,6,0
1979006,index year: 1979,6,0
1980006,index year: 1980,6,0
1981006,index year: 1981,6,0
1982006,index year: 1982,6,0
1983006,index year: 1983,6,0
1984006,index year: 1984,6,0
1985006,index year: 1985,6,0
1986006,index year: 1986,6,0
1987006,index year: 1987,6,0
1988006,index year: 1988,6,0
1989006,index year: 1989,6,0
1990006,index year: 1990,6,0
1991006,index year: 1991,6,0
1992006,index year: 1992,6,0
1993006,index year: 1993,6,0
1994006,index year: 1994,6,0
1995006,index year: 1995,6,0
1996006,index year: 1996,6,0
1997006,index year: 1997,6,0
1998006,index year: 1998,6,0
1999006,index year: 1999,6,0
2000006,index year: 2000,6,0
2001006,index year: 2001,6,0
2002006,index year: 2002,6,0
2003006,index year: 2003,6,0
2004006,index year: 2004,6,0
2005006,index year: 2005,6,0
2006006,index year: 2006,6,0
2007006,index year: 2007,6,0
2008006,index year: 2008,6,0
2009006,index year: 2009,6,0
2010006,index year: 2010,6,0
2011006,index year: 2011,6,0
2012006,index year: 2012,6,0
2013006,index year: 2013,6,0
2014006,index year: 2014,6,0
2015006,index year: 2015,6,0
2016006,index year: 2016,6,0
2017006,index year: 2017,6,0
2018006,index year: 2018,6,0
2019006,index year: 2019,6,0
701322404,drug_era group: Memantine,404,701322
705944404,drug_era group: Methylphenidate,404,705944
708298404,drug_era group: Midazolam,404,708298
715997404,drug_era group: donepezil,404,715997
723013404,drug_era group: Diazepam,404,723013
738818404,drug_era group: Doxylamine,404,738818
740275404,drug_era group: Carbamazepine,404,740275
753626404,drug_era group: Propofol,404,753626
757627404,drug_era group: Galantamine,404,757627
782043404,drug_era group: Isoflurane,404,782043
914335404,drug_era group: Atropine,404,914335
920293404,drug_era group: Nitrofurantoin,404,920293
933724404,drug_era group: Phenazopyridine,404,933724
967823404,drug_era group: Sodium Chloride,404,967823
975125404,drug_era group: Hydrocortisone,404,975125
1000560404,drug_era group: Ondansetron,404,1000560
1102527404,drug_era group: Meperidine,404,1102527
1107830404,drug_era group: Loratadine,404,1107830
1110410404,drug_era group: Morphine,404,1110410
1112807404,drug_era group: Aspirin,404,1112807
1115008404,drug_era group: Naproxen,404,1115008
1118084404,drug_era group: celecoxib,404,1118084
1119510404,drug_era group: Dextromethorphan,404,1119510
1124957404,drug_era group: Oxycodone,404,1124957
1125315404,drug_era group: Acetaminophen,404,1125315
1129625404,drug_era group: Diphenhydramine,404,1129625
1137529404,drug_era group: salmeterol,404,1137529
1149196404,drug_era group: Cetirizine,404,1149196
1149380404,drug_era group: fluticasone,404,1149380
1150770404,drug_era group: Astemizole,404,1150770
1150836404,drug_era group: Terfenadine,404,1150836
1153428404,drug_era group: fexofenadine,404,1153428
1154029404,drug_era group: Fentanyl,404,1154029
1154343404,drug_era group: Albuterol,404,1154343
1174888404,drug_era group: Hydrocodone,404,1174888
1177480404,drug_era group: Ibuprofen,404,1177480
1192710404,drug_era group: Chlorpheniramine,404,1192710
1305058404,drug_era group: Methotrexate,404,1305058
1307863404,drug_era group: Verapamil,404,1307863
1308738404,drug_era group: Vitamin B 12,404,1308738
1309944404,drug_era group: Amiodarone,404,1309944
1310149404,drug_era group: Warfarin,404,1310149
1322184404,drug_era group: clopidogrel,404,1322184
1326303404,drug_era group: Digoxin,404,1326303
1332418404,drug_era group: Amlodipine,404,1332418
1343916404,drug_era group: Epinephrine,404,1343916
1347450404,drug_era group: alteplase,404,1347450
1361711404,drug_era group: Nitroglycerin,404,1361711
1367571404,drug_era group: heparin,404,1367571
1396131404,drug_era group: ferrous sulfate,404,1396131
1500211404,drug_era group: Medroxyprogesterone,404,1500211
1501700404,drug_era group: levothyroxine,404,1501700
1503184404,drug_era group: Mestranol,404,1503184
1512674404,drug_era group: drospirenone,404,1512674
1515774404,drug_era group: norgestimate,404,1515774
1519936404,drug_era group: Etonogestrel,404,1519936
1521369404,drug_era group: Norethindrone,404,1521369
1539403404,drug_era group: Simvastatin,404,1539403
1545958404,drug_era group: atorvastatin,404,1545958
1549786404,drug_era group: Ethinyl Estradiol,404,1549786
1551099404,drug_era group: Prednisone,404,1551099
1557272404,drug_era group: Alendronate,404,1557272
1589505404,drug_era group: Levonorgestrel,404,1589505
1595799404,drug_era group: Ferrous fumarate,404,1595799
1713332404,drug_era group: Amoxicillin,404,1713332
1717327404,drug_era group: Ampicillin,404,1717327
1728416404,drug_era group: Penicillin G,404,1728416
1729720404,drug_era group: Penicillin V,404,1729720
1738521404,drug_era group: Doxycycline,404,1738521
1741122404,drug_era group: tazobactam,404,1741122
1746114404,drug_era group: Piperacillin,404,1746114
1759842404,drug_era group: Clavulanate,404,1759842
1768849404,drug_era group: Cefaclor,404,1768849
1778162404,drug_era group: Cefuroxime,404,1778162
19002770404,drug_era group: desflurane,404,19002770
19003953404,drug_era group: Rocuronium,404,19003953
19010482404,drug_era group: Cyclosporine,404,19010482
19016749404,drug_era group: remifentanil,404,19016749
19039298404,drug_era group: sevoflurane,404,19039298
19059528404,drug_era group: Alfentanil,404,19059528
19078219404,drug_era group: Sufentanil,404,19078219
19127890404,drug_era group: Inert Ingredients,404,19127890
791967404,drug_era group: Lorazepam,404,791967
836654404,drug_era group: Tacrine,404,836654
1124300404,drug_era group: Diclofenac,404,1124300
1518198404,drug_era group: norelgestromin,404,1518198
28060204,condition_era group: Streptococcal sore throat,204,28060
30753204,condition_era group: Esophagitis,204,30753
78272204,condition_era group: Sprain of wrist,204,78272
80180204,condition_era group: Osteoarthritis,204,80180
80502204,condition_era group: Osteoporosis,204,80502
80809204,condition_era group: Rheumatoid arthritis,204,80809
81151204,condition_era group: Sprain of ankle,204,81151
81893204,condition_era group: Ulcerative colitis,204,81893
133834204,condition_era group: Atopic dermatitis,204,133834
134438204,condition_era group: Contact dermatitis,204,134438
140673204,condition_era group: Hypothyroidism,204,140673
192671204,condition_era group: Gastrointestinal hemorrhage,204,192671
195588204,condition_era group: Cystitis,204,195588
196456204,condition_era group: Gallstone,204,196456
198199204,condition_era group: Pyelonephritis,204,198199
198809204,condition_era group: Acute cholecystitis,204,198809
255848204,condition_era group: Pneumonia,204,255848
257012204,condition_era group: Chronic sinusitis,204,257012
258780204,condition_era group: Emphysematous bronchitis,204,258780
260139204,condition_era group: Acute bronchitis,204,260139
261325204,condition_era group: Pulmonary emphysema,204,261325
313217204,condition_era group: Atrial fibrillation,204,313217
317009204,condition_era group: Asthma,204,317009
317576204,condition_era group: Coronary arteriosclerosis,204,317576
321042204,condition_era group: Cardiac arrest,204,321042
372328204,condition_era group: Otitis media,204,372328
375671204,condition_era group: Concussion with loss of consciousness,204,375671
378001204,condition_era group: Concussion with no loss of consciousness,204,378001
378419204,condition_era group: Alzheimer's disease,204,378419
380378204,condition_era group: Epilepsy,204,380378
381316204,condition_era group: Cerebrovascular accident,204,381316
439777204,condition_era group: Anemia,204,439777
440086204,condition_era group: Child attention deficit disorder,204,440086
440448204,condition_era group: Appendicitis,204,440448
4001336204,condition_era group: Concussion injury of brain,204,4001336
4027663204,condition_era group: Peptic ulcer,204,4027663
4029498204,condition_era group: Seizure disorder,204,4029498
4035415204,condition_era group: Tear of meniscus of knee,204,4035415
4043241204,condition_era group: Familial Alzheimer's disease of early onset,204,4043241
4048171204,condition_era group: Perennial allergic rhinitis with seasonal variation,204,4048171
4048695204,condition_era group: Fracture of vertebral column without spinal cord injury,204,4048695
4051466204,condition_era group: Childhood asthma,204,4051466
4056621204,condition_era group: Recurrent urinary tract infection,204,4056621
4059173204,condition_era group: Fracture of ankle,204,4059173
4066995204,condition_era group: Fracture of vertebral column with spinal cord injury,204,4066995
4084167204,condition_era group: Acute allergic reaction,204,4084167
4094814204,condition_era group: Bullet wound,204,4094814
4109685204,condition_era group: Laceration of foot,204,4109685
4112343204,condition_era group: Acute viral pharyngitis,204,4112343
4113008204,condition_era group: Laceration of hand,204,4113008
4116491204,condition_era group: Escherichia coli urinary tract infection,204,4116491
4132546204,condition_era group: Traumatic brain injury,204,4132546
4134304204,condition_era group: Fracture subluxation of wrist,204,4134304
4142905204,condition_era group: Fracture of rib,204,4142905
4149245204,condition_era group: Rupture of patellar tendon,204,4149245
4152936204,condition_era group: Laceration of thigh,204,4152936
4155034204,condition_era group: Laceration of forearm,204,4155034
4156265204,condition_era group: Facial laceration,204,4156265
4166224204,condition_era group: Rupture of appendix,204,4166224
4218389204,condition_era group: Whiplash injury to neck,204,4218389
4230399204,condition_era group: Closed fracture of hip,204,4230399
4237458204,condition_era group: Fracture of clavicle,204,4237458
4266809204,condition_era group: Diverticular disease,204,4266809
4278672204,condition_era group: Fracture of forearm,204,4278672
4280726204,condition_era group: Seasonal allergic rhinitis,204,4280726
4283893204,condition_era group: Sinusitis,204,4283893
4285898204,condition_era group: Polyp of colon,204,4285898
4294548204,condition_era group: Acute bacterial sinusitis,204,4294548
4296204204,condition_era group: First degree burn,204,4296204
4296205204,condition_era group: Second degree burn,204,4296205
4299128204,condition_era group: Third degree burn,204,4299128
4310024204,condition_era group: Angiodysplasia of stomach,204,4310024
4329847204,condition_era group: Myocardial infarction,204,4329847
40480160204,condition_era group: Pathological fracture due to osteoporosis,204,40480160
40481087204,condition_era group: Viral sinusitis,204,40481087
40486433204,condition_era group: Perennial allergic rhinitis,204,40486433
44782520204,condition_era group: Chronic paralysis due to lesion of spinal cord,204,44782520
1007,index month: 1,7,0
2007,index month: 2,7,0
3007,index month: 3,7,0
4007,index month: 4,7,0
5007,index month: 5,7,0
6007,index month: 6,7,0
7007,index month: 7,7,0
8007,index month: 8,7,0
9007,index month: 9,7,0
10007,index month: 10,7,0
11007,index month: 11,7,0
12007,index month: 12,7,0
28060201,condition_era: Streptococcal sore throat,201,28060
30753201,condition_era: Esophagitis,201,30753
78272201,condition_era: Sprain of wrist,201,78272
80180201,condition_era: Osteoarthritis,201,80180
80502201,condition_era: Osteoporosis,201,80502
80809201,condition_era: Rheumatoid arthritis,201,80809
81151201,condition_era: Sprain of ankle,201,81151
81893201,condition_era: Ulcerative colitis,201,81893
134438201,condition_era: Contact dermatitis,201,134438
140673201,condition_era: Hypothyroidism,201,140673
192671201,condition_era: Gastrointestinal hemorrhage,201,192671
195588201,condition_era: Cystitis,201,195588
196456201,condition_era: Gallstone,201,196456
198199201,condition_era: Pyelonephritis,201,198199
198809201,condition_era: Acute cholecystitis,201,198809
255848201,condition_era: Pneumonia,201,255848
257012201,condition_era: Chronic sinusitis,201,257012
258780201,condition_era: Emphysematous bronchitis,201,258780
260139201,condition_era: Acute bronchitis,201,260139
261325201,condition_era: Pulmonary emphysema,201,261325
313217201,condition_era: Atrial fibrillation,201,313217
317009201,condition_era: Asthma,201,317009
317576201,condition_era: Coronary arteriosclerosis,201,317576
321042201,condition_era: Cardiac arrest,201,321042
372328201,condition_era: Otitis media,201,372328
375671201,condition_era: Concussion with loss of consciousness,201,375671
378001201,condition_era: Concussion with no loss of consciousness,201,378001
378419201,condition_era: Alzheimer's disease,201,378419
380378201,condition_era: Epilepsy,201,380378
381316201,condition_era: Cerebrovascular accident,201,381316
439777201,condition_era: Anemia,201,439777
440086201,condition_era: Child attention deficit disorder,201,440086
440448201,condition_era: Appendicitis,201,440448
4001336201,condition_era: Concussion injury of brain,201,4001336
4027663201,condition_era: Peptic ulcer,201,4027663
4029498201,condition_era: Seizure disorder,201,4029498
4035415201,condition_era: Tear of meniscus of knee,201,4035415
4043241201,condition_era: Familial Alzheimer's disease of early onset,201,4043241
4048695201,condition_era: Fracture of vertebral column without spinal cord injury,201,4048695
4056621201,condition_era: Recurrent urinary tract infection,201,4056621
4059173201,condition_era: Fracture of ankle,201,4059173
4066995201,condition_era: Fracture of vertebral column with spinal cord injury,201,4066995
4084167201,condition_era: Acute allergic reaction,201,4084167
4094814201,condition_era: Bullet wound,201,4094814
4109685201,condition_era: Laceration of foot,201,4109685
4112343201,condition_era: Acute viral pharyngitis,201,4112343
4113008201,condition_era: Laceration of hand,201,4113008
4116491201,condition_era: Escherichia coli urinary tract infection,201,4116491
4132546201,condition_era: Traumatic brain injury,201,4132546
4134304201,condition_era: Fracture subluxation of wrist,201,4134304
4142905201,condition_era: Fracture of rib,201,4142905
4146173201,condition_era: Injury of tendon of the rotator cuff of shoulder,201,4146173
4149245201,condition_era: Rupture of patellar tendon,201,4149245
4152936201,condition_era: Laceration of thigh,201,4152936
4155034201,condition_era: Laceration of forearm,201,4155034
4156265201,condition_era: Facial laceration,201,4156265
4166224201,condition_era: Rupture of appendix,201,4166224
4218389201,condition_era: Whiplash injury to neck,201,4218389
4230399201,condition_era: Closed fracture of hip,201,4230399
4237458201,condition_era: Fracture of clavicle,201,4237458
4266809201,condition_era: Diverticular disease,201,4266809
4278672201,condition_era: Fracture of forearm,201,4278672
4280726201,condition_era: Seasonal allergic rhinitis,201,4280726
4283893201,condition_era: Sinusitis,201,4283893
4285898201,condition_era: Polyp of colon,201,4285898
4294548201,condition_era: Acute bacterial sinusitis,201,4294548
4296204201,condition_era: First degree burn,201,4296204
4296205201,condition_era: Second degree burn,201,4296205
4299128201,condition_era: Third degree burn,201,4299128
4310024201,condition_era: Angiodysplasia of stomach,201,4310024
4329847201,condition_era: Myocardial infarction,201,4329847
40479422201,condition_era: Injury of medial collateral ligament of knee,201,40479422
40479768201,condition_era: Injury of anterior cruciate ligament,201,40479768
40480160201,condition_era: Pathological fracture due to osteoporosis,201,40480160
40481087201,condition_era: Viral sinusitis,201,40481087
44782520201,condition_era: Chronic paralysis due to lesion of spinal cord,201,44782520
133834201,condition_era: Atopic dermatitis,201,133834
8507001,gender = MALE,1,8507
8532001,gender = FEMALE,1,8532
28060101,condition_occurrence: Streptococcal sore throat,101,28060
30753101,condition_occurrence: Esophagitis,101,30753
78272101,condition_occurrence: Sprain of wrist,101,78272
80180101,condition_occurrence: Osteoarthritis,101,80180
80502101,condition_occurrence: Osteoporosis,101,80502
80809101,condition_occurrence: Rheumatoid arthritis,101,80809
81151101,condition_occurrence: Sprain of ankle,101,81151
81893101,condition_occurrence: Ulcerative colitis,101,81893
134438101,condition_occurrence: Contact dermatitis,101,134438
140673101,condition_occurrence: Hypothyroidism,101,140673
192671101,condition_occurrence: Gastrointestinal hemorrhage,101,192671
195588101,condition_occurrence: Cystitis,101,195588
196456101,condition_occurrence: Gallstone,101,196456
198199101,condition_occurrence: Pyelonephritis,101,198199
198809101,condition_occurrence: Acute cholecystitis,101,198809
255848101,condition_occurrence: Pneumonia,101,255848
257012101,condition_occurrence: Chronic sinusitis,101,257012
258780101,condition_occurrence: Emphysematous bronchitis,101,258780
260139101,condition_occurrence: Acute bronchitis,101,260139
261325101,condition_occurrence: Pulmonary emphysema,101,261325
313217101,condition_occurrence: Atrial fibrillation,101,313217
317009101,condition_occurrence: Asthma,101,317009
317576101,condition_occurrence: Coronary arteriosclerosis,101,317576
321042101,condition_occurrence: Cardiac arrest,101,321042
372328101,condition_occurrence: Otitis media,101,372328
375671101,condition_occurrence: Concussion with loss of consciousness,101,375671
378001101,condition_occurrence: Concussion with no loss of consciousness,101,378001
378419101,condition_occurrence: Alzheimer's disease,101,378419
380378101,condition_occurrence: Epilepsy,101,380378
381316101,condition_occurrence: Cerebrovascular accident,101,381316
439777101,condition_occurrence: Anemia,101,439777
440086101,condition_occurrence: Child attention deficit disorder,101,440086
440448101,condition_occurrence: Appendicitis,101,440448
4001336101,condition_occurrence: Concussion injury of brain,101,4001336
4027663101,condition_occurrence: Peptic ulcer,101,4027663
4029498101,condition_occurrence: Seizure disorder,101,4029498
4035415101,condition_occurrence: Tear of meniscus of knee,101,4035415
4043241101,condition_occurrence: Familial Alzheimer's disease of early onset,101,4043241
4048695101,condition_occurrence: Fracture of vertebral column without spinal cord injury,101,4048695
4056621101,condition_occurrence: Recurrent urinary tract infection,101,4056621
4059173101,condition_occurrence: Fracture of ankle,101,4059173
4066995101,condition_occurrence: Fracture of vertebral column with spinal cord injury,101,4066995
4084167101,condition_occurrence: Acute allergic reaction,101,4084167
4094814101,condition_occurrence: Bullet wound,101,4094814
4109685101,condition_occurrence: Laceration of foot,101,4109685
4112343101,condition_occurrence: Acute viral pharyngitis,101,4112343
4113008101,condition_occurrence: Laceration of hand,101,4113008
4116491101,condition_occurrence: Escherichia coli urinary tract infection,101,4116491
4132546101,condition_occurrence: Traumatic brain injury,101,4132546
4134304101,condition_occurrence: Fracture subluxation of wrist,101,4134304
4142905101,condition_occurrence: Fracture of rib,101,4142905
4146173101,condition_occurrence: Injury of tendon of the rotator cuff of shoulder,101,4146173
4149245101,condition_occurrence: Rupture of patellar tendon,101,4149245
4152936101,condition_occurrence: Laceration of thigh,101,4152936
4155034101,condition_occurrence: Laceration of forearm,101,4155034
4156265101,condition_occurrence: Facial laceration,101,4156265
4166224101,condition_occurrence: Rupture of appendix,101,4166224
4218389101,condition_occurrence: Whiplash injury to neck,101,4218389
4230399101,condition_occurrence: Closed fracture of hip,101,4230399
4237458101,condition_occurrence: Fracture of clavicle,101,4237458
4266809101,condition_occurrence: Diverticular disease,101,4266809
4278672101,condition_occurrence: Fracture of forearm,101,4278672
4280726101,condition_occurrence: Seasonal allergic rhinitis,101,4280726
4283893101,condition_occurrence: Sinusitis,101,4283893
4285898101,condition_occurrence: Polyp of colon,101,4285898
4294548101,condition_occurrence: Acute bacterial sinusitis,101,4294548
4296204101,condition_occurrence: First degree burn,101,4296204
4296205101,condition_occurrence: Second degree burn,101,4296205
4299128101,condition_occurrence: Third degree burn,101,4299128
4310024101,condition_occurrence: Angiodysplasia of stomach,101,4310024
4329847101,condition_occurrence: Myocardial infarction,101,4329847
40479422101,condition_occurrence: Injury of medial collateral ligament of knee,101,40479422
40479768101,condition_occurrence: Injury of anterior cruciate ligament,101,40479768
40480160101,condition_occurrence: Pathological fracture due to osteoporosis,101,40480160
40481087101,condition_occurrence: Viral sinusitis,101,40481087
44782520101,condition_occurrence: Chronic paralysis due to lesion of spinal cord,101,44782520
133834101,condition_occurrence: Atopic dermatitis,101,133834
701322401,drug_era: Memantine,401,701322
705944401,drug_era: Methylphenidate,401,705944
708298401,drug_era: Midazolam,401,708298
715997401,drug_era: donepezil,401,715997
723013401,drug_era: Diazepam,401,723013
738818401,drug_era: Doxylamine,401,738818
740275401,drug_era: Carbamazepine,401,740275
753626401,drug_era: Propofol,401,753626
757627401,drug_era: Galantamine,401,757627
782043401,drug_era: Isoflurane,401,782043
914335401,drug_era: Atropine,401,914335
920293401,drug_era: Nitrofurantoin,401,920293
933724401,drug_era: Phenazopyridine,401,933724
967823401,drug_era: Sodium Chloride,401,967823
975125401,drug_era: Hydrocortisone,401,975125
1000560401,drug_era: Ondansetron,401,1000560
1102527401,drug_era: Meperidine,401,1102527
1107830401,drug_era: Loratadine,401,1107830
1110410401,drug_era: Morphine,401,1110410
1112807401,drug_era: Aspirin,401,1112807
1115008401,drug_era: Naproxen,401,1115008
1118084401,drug_era: celecoxib,401,1118084
1119510401,drug_era: Dextromethorphan,401,1119510
1124957401,drug_era: Oxycodone,401,1124957
1125315401,drug_era: Acetaminophen,401,1125315
1129625401,drug_era: Diphenhydramine,401,1129625
1137529401,drug_era: salmeterol,401,1137529
1149196401,drug_era: Cetirizine,401,1149196
1149380401,drug_era: fluticasone,401,1149380
1150770401,drug_era: Astemizole,401,1150770
1150836401,drug_era: Terfenadine,401,1150836
1153428401,drug_era: fexofenadine,401,1153428
1154029401,drug_era: Fentanyl,401,1154029
1154343401,drug_era: Albuterol,401,1154343
1174888401,drug_era: Hydrocodone,401,1174888
1177480401,drug_era: Ibuprofen,401,1177480
1192710401,drug_era: Chlorpheniramine,401,1192710
1305058401,drug_era: Methotrexate,401,1305058
1307863401,drug_era: Verapamil,401,1307863
1308738401,drug_era: Vitamin B 12,401,1308738
1309944401,drug_era: Amiodarone,401,1309944
1310149401,drug_era: Warfarin,401,1310149
1322184401,drug_era: clopidogrel,401,1322184
1326303401,drug_era: Digoxin,401,1326303
1332418401,drug_era: Amlodipine,401,1332418
1343916401,drug_era: Epinephrine,401,1343916
1347450401,drug_era: alteplase,401,1347450
1361711401,drug_era: Nitroglycerin,401,1361711
1367571401,drug_era: heparin,401,1367571
1396131401,drug_era: ferrous sulfate,401,1396131
1500211401,drug_era: Medroxyprogesterone,401,1500211
1501700401,drug_era: levothyroxine,401,1501700
1503184401,drug_era: Mestranol,401,1503184
1512674401,drug_era: drospirenone,401,1512674
1515774401,drug_era: norgestimate,401,1515774
1519936401,drug_era: Etonogestrel,401,1519936
1521369401,drug_era: Norethindrone,401,1521369
1539403401,drug_era: Simvastatin,401,1539403
1545958401,drug_era: atorvastatin,401,1545958
1549786401,drug_era: Ethinyl Estradiol,401,1549786
1551099401,drug_era: Prednisone,401,1551099
1557272401,drug_era: Alendronate,401,1557272
1589505401,drug_era: Levonorgestrel,401,1589505
1595799401,drug_era: Ferrous fumarate,401,1595799
1713332401,drug_era: Amoxicillin,401,1713332
1717327401,drug_era: Ampicillin,401,1717327
1728416401,drug_era: Penicillin G,401,1728416
1729720401,drug_era: Penicillin V,401,1729720
1738521401,drug_era: Doxycycline,401,1738521
1741122401,drug_era: tazobactam,401,1741122
1746114401,drug_era: Piperacillin,401,1746114
1759842401,drug_era: Clavulanate,401,1759842
1768849401,drug_era: Cefaclor,401,1768849
1778162401,drug_era: Cefuroxime,401,1778162
19002770401,drug_era: desflurane,401,19002770
19003953401,drug_era: Rocuronium,401,19003953
19010482401,drug_era: Cyclosporine,401,19010482
19016749401,drug_era: remifentanil,401,19016749
19039298401,drug_era: sevoflurane,401,19039298
19059528401,drug_era: Alfentanil,401,19059528
19078219401,drug_era: Sufentanil,401,19078219
19127890401,drug_era: Inert Ingredients,401,19127890
791967401,drug_era: Lorazepam,401,791967
836654401,drug_era: Tacrine,401,836654
1124300401,drug_era: Diclofenac,401,1124300
1518198401,drug_era: norelgestromin,401,1518198
1009,observation time (days) after index,9,0
194112011,index year and month: 194112,11,0
194302011,index year and month: 194302,11,0
194305011,index year and month: 194305,11,0
194311011,index year and month: 194311,11,0
194408011,index year and month: 194408,11,0
194410011,index year and month: 194410,11,0
194503011,index year and month: 194503,11,0
194504011,index year and month: 194504,11,0
194505011,index year and month: 194505,11,0
194506011,index year and month: 194506,11,0
194507011,index year and month: 194507,11,0
194609011,index year and month: 194609,11,0
194612011,index year and month: 194612,11,0
194705011,index year and month: 194705,11,0
194710011,index year and month: 194710,11,0
194712011,index year and month: 194712,11,0
194801011,index year and month: 194801,11,0
194805011,index year and month: 194805,11,0
194810011,index year and month: 194810,11,0
194911011,index year and month: 194911,11,0
195001011,index year and month: 195001,11,0
195004011,index year and month: 195004,11,0
195005011,index year and month: 195005,11,0
195006011,index year and month: 195006,11,0
195007011,index year and month: 195007,11,0
195111011,index year and month: 195111,11,0
195201011,index year and month: 195201,11,0
195204011,index year and month: 195204,11,0
195205011,index year and month: 195205,11,0
195211011,index year and month: 195211,11,0
195301011,index year and month: 195301,11,0
195303011,index year and month: 195303,11,0
195309011,index year and month: 195309,11,0
195310011,index year and month: 195310,11,0
195311011,index year and month: 195311,11,0
195312011,index year and month: 195312,11,0
195406011,index year and month: 195406,11,0
195408011,index year and month: 195408,11,0
195409011,index year and month: 195409,11,0
195412011,index year and month: 195412,11,0
195503011,index year and month: 195503,11,0
195511011,index year and month: 195511,11,0
195603011,index year and month: 195603,11,0
195604011,index year and month: 195604,11,0
195606011,index year and month: 195606,11,0
195607011,index year and month: 195607,11,0
195612011,index year and month: 195612,11,0
195701011,index year and month: 195701,11,0
195703011,index year and month: 195703,11,0
195704011,index year and month: 195704,11,0
195705011,index year and month: 195705,11,0
195707011,index year and month: 195707,11,0
195712011,index year and month: 195712,11,0
195801011,index year and month: 195801,11,0
195805011,index year and month: 195805,11,0
195807011,index year and month: 195807,11,0
195809011,index year and month: 195809,11,0
195812011,index year and month: 195812,11,0
195902011,index year and month: 195902,11,0
195904011,index year and month: 195904,11,0
195910011,index year and month: 195910,11,0
195912011,index year and month: 195912,11,0
196005011,index year and month: 196005,11,0
196102011,index year and month: 196102,11,0
196108011,index year and month: 196108,11,0
196201011,index year and month: 196201,11,0
196203011,index year and month: 196203,11,0
196205011,index year and month: 196205,11,0
196207011,index year and month: 196207,11,0
196209011,index year and month: 196209,11,0
196301011,index year and month: 196301,11,0
196303011,index year and month: 196303,11,0
196306011,index year and month: 196306,11,0
196308011,index year and month: 196308,11,0
196309011,index year and month: 196309,11,0
196312011,index year and month: 196312,11,0
196402011,index year and month: 196402,11,0
196403011,index year and month: 196403,11,0
196409011,index year and month: 196409,11,0
196411011,index year and month: 196411,11,0
196501011,index year and month: 196501,11,0
196602011,index year and month: 196602,11,0
196604011,index year and month: 196604,11,0
196606011,index year and month: 196606,11,0
196608011,index year and month: 196608,11,0
196609011,index year and month: 196609,11,0
196710011,index year and month: 196710,11,0
196711011,index year and month: 196711,11,0
196802011,index year and month: 196802,11,0
196804011,index year and month: 196804,11,0
196812011,index year and month: 196812,11,0
196901011,index year and month: 196901,11,0
196906011,index year and month: 196906,11,0
197001011,index year and month: 197001,11,0
197007011,index year and month: 197007,11,0
197008011,index year and month: 197008,11,0
197009011,index year and month: 197009,11,0
197010011,index year and month: 197010,11,0
197012011,index year and month: 197012,11,0
197101011,index year and month: 197101,11,0
197103011,index year and month: 197103,11,0
197105011,index year and month: 197105,11,0
197106011,index year and month: 197106,11,0
197107011,index year and month: 197107,11,0
197109011,index year and month: 197109,11,0
197111011,index year and month: 197111,11,0
197201011,index year and month: 197201,11,0
197205011,index year and month: 197205,11,0
197206011,index year and month: 197206,11,0
197209011,index year and month: 197209,11,0
197210011,index year and month: 197210,11,0
197211011,index year and month: 197211,11,0
197301011,index year and month: 197301,11,0
197302011,index year and month: 197302,11,0
197303011,index year and month: 197303,11,0
197304011,index year and month: 197304,11,0
197306011,index year and month: 197306,11,0
197308011,index year and month: 197308,11,0
197310011,index year and month: 197310,11,0
197312011,index year and month: 197312,11,0
197401011,index year and month: 197401,11,0
197402011,index year and month: 197402,11,0
197404011,index year and month: 197404,11,0
197405011,index year and month: 197405,11,0
197406011,index year and month: 197406,11,0
197408011,index year and month: 197408,11,0
197409011,index year and month: 197409,11,0
197411011,index year and month: 197411,11,0
197412011,index year and month: 197412,11,0
197502011,index year and month: 197502,11,0
197503011,index year and month: 197503,11,0
197505011,index year and month: 197505,11,0
197506011,index year and month: 197506,11,0
197507011,index year and month: 197507,11,0
197508011,index year and month: 197508,11,0
197509011,index year and month: 197509,11,0
197510011,index year and month: 197510,11,0
197511011,index year and month: 197511,11,0
197512011,index year and month: 197512,11,0
197602011,index year and month: 197602,11,0
197603011,index year and month: 197603,11,0
197604011,index year and month: 197604,11,0
197605011,index year and month: 197605,11,0
197606011,index year and month: 197606,11,0
197607011,index year and month: 197607,11,0
197608011,index year and month: 197608,11,0
197609011,index year and month: 197609,11,0
197610011,index year and month: 197610,11,0
197611011,index year and month: 197611,11,0
197701011,index year and month: 197701,11,0
197702011,index year and month: 197702,11,0
197703011,index year and month: 197703,11,0
197704011,index year and month: 197704,11,0
197705011,index year and month: 197705,11,0
197707011,index year and month: 197707,11,0
197709011,index year and month: 197709,11,0
197710011,index year and month: 197710,11,0
197711011,index year and month: 197711,11,0
197801011,index year and month: 197801,11,0
197802011,index year and month: 197802,11,0
197804011,index year and month: 197804,11,0
197805011,index year and month: 197805,11,0
197806011,index year and month: 197806,11,0
197808011,index year and month: 197808,11,0
197809011,index year and month: 197809,11,0
197810011,index year and month: 197810,11,0
197812011,index year and month: 197812,11,0
197901011,index year and month: 197901,11,0
197904011,index year and month: 197904,11,0
197907011,index year and month: 197907,11,0
197908011,index year and month: 197908,11,0
197910011,index year and month: 197910,11,0
197911011,index year and month: 197911,11,0
197912011,index year and month: 197912,11,0
198001011,index year and month: 198001,11,0
198003011,index year and month: 198003,11,0
198004011,index year and month: 198004,11,0
198005011,index year and month: 198005,11,0
198006011,index year and month: 198006,11,0
198007011,index year and month: 198007,11,0
198008011,index year and month: 198008,11,0
198009011,index year and month: 198009,11,0
198012011,index year and month: 198012,11,0
198101011,index year and month: 198101,11,0
198102011,index year and month: 198102,11,0
198103011,index year and month: 198103,11,0
198104011,index year and month: 198104,11,0
198105011,index year and month: 198105,11,0
198108011,index year and month: 198108,11,0
198109011,index year and month: 198109,11,0
198110011,index year and month: 198110,11,0
198111011,index year and month: 198111,11,0
198112011,index year and month: 198112,11,0
198202011,index year and month: 198202,11,0
198203011,index year and month: 198203,11,0
198205011,index year and month: 198205,11,0
198206011,index year and month: 198206,11,0
198207011,index year and month: 198207,11,0
198208011,index year and month: 198208,11,0
198209011,index year and month: 198209,11,0
198210011,index year and month: 198210,11,0
198211011,index year and month: 198211,11,0
198212011,index year and month: 198212,11,0
198301011,index year and month: 198301,11,0
198302011,index year and month: 198302,11,0
198303011,index year and month: 198303,11,0
198304011,index year and month: 198304,11,0
198305011,index year and month: 198305,11,0
198306011,index year and month: 198306,11,0
198309011,index year and month: 198309,11,0
198310011,index year and month: 198310,11,0
198311011,index year and month: 198311,11,0
198312011,index year and month: 198312,11,0
198401011,index year and month: 198401,11,0
198402011,index year and month: 198402,11,0
198403011,index year and month: 198403,11,0
198404011,index year and month: 198404,11,0
198405011,index year and month: 198405,11,0
198406011,index year and month: 198406,11,0
198407011,index year and month: 198407,11,0
198408011,index year and month: 198408,11,0
198409011,index year and month: 198409,11,0
198410011,index year and month: 198410,11,0
198411011,index year and month: 198411,11,0
198412011,index year and month: 198412,11,0
198501011,index year and month: 198501,11,0
198502011,index year and month: 198502,11,0
198503011,index year and month: 198503,11,0
198504011,index year and month: 198504,11,0
198505011,index year and month: 198505,11,0
198507011,index year and month: 198507,11,0
198508011,index year and month: 198508,11,0
198509011,index year and month: 198509,11,0
198510011,index year and month: 198510,11,0
198512011,index year and month: 198512,11,0
198601011,index year and month: 198601,11,0
198603011,index year and month: 198603,11,0
198604011,index year and month: 198604,11,0
198605011,index year and month: 198605,11,0
198606011,index year and month: 198606,11,0
198607011,index year and month: 198607,11,0
198608011,index year and month: 198608,11,0
198609011,index year and month: 198609,11,0
198611011,index year and month: 198611,11,0
198612011,index year and month: 198612,11,0
198701011,index year and month: 198701,11,0
198702011,index year and month: 198702,11,0
198703011,index year and month: 198703,11,0
198704011,index year and month: 198704,11,0
198705011,index year and month: 198705,11,0
198706011,index year and month: 198706,11,0
198707011,index year and month: 198707,11,0
198708011,index year and month: 198708,11,0
198709011,index year and month: 198709,11,0
198711011,index year and month: 198711,11,0
198712011,index year and month: 198712,11,0
198801011,index year and month: 198801,11,0
198802011,index year and month: 198802,11,0
198803011,index year and month: 198803,11,0
198804011,index year and month: 198804,11,0
198805011,index year and month: 198805,11,0
198806011,index year and month: 198806,11,0
198807011,index year and month: 198807,11,0
198808011,index year and month: 198808,11,0
198809011,index year and month: 198809,11,0
198810011,index year and month: 198810,11,0
198812011,index year and month: 198812,11,0
198901011,index year and month: 198901,11,0
198902011,index year and month: 198902,11,0
198903011,index year and month: 198903,11,0
198904011,index year and month: 198904,11,0
198905011,index year and month: 198905,11,0
198906011,index year and month: 198906,11,0
198907011,index year and month: 198907,11,0
198908011,index year and month: 198908,11,0
198909011,index year and month: 198909,11,0
198910011,index year and month: 198910,11,0
198911011,index year and month: 198911,11,0
198912011,index year and month: 198912,11,0
199001011,index year and month: 199001,11,0
199002011,index year and month: 199002,11,0
199003011,index year and month: 199003,11,0
199004011,index year and month: 199004,11,0
199005011,index year and month: 199005,11,0
199006011,index year and month: 199006,11,0
199007011,index year and month: 199007,11,0
199009011,index year and month: 199009,11,0
199010011,index year and month: 199010,11,0
199011011,index year and month: 199011,11,0
199012011,index year and month: 199012,11,0
199101011,index year and month: 199101,11,0
199102011,index year and month: 199102,11,0
199103011,index year and month: 199103,11,0
199104011,index year and month: 199104,11,0
199105011,index year and month: 199105,11,0
199106011,index year and month: 199106,11,0
199107011,index year and month: 199107,11,0
199108011,index year and month: 199108,11,0
199109011,index year and month: 199109,11,0
199110011,index year and month: 199110,11,0
199112011,index year and month: 199112,11,0
199201011,index year and month: 199201,11,0
199202011,index year and month: 199202,11,0
199203011,index year and month: 199203,11,0
199204011,index year and month: 199204,11,0
199205011,index year and month: 199205,11,0
199206011,index year and month: 199206,11,0
199207011,index year and month: 199207,11,0
199208011,index year and month: 199208,11,0
199209011,index year and month: 199209,11,0
199210011,index year and month: 199210,11,0
199211011,index year and month: 199211,11,0
199212011,index year and month: 199212,11,0
199301011,index year and month: 199301,11,0
199302011,index year and month: 199302,11,0
199304011,index year and month: 199304,11,0
199305011,index year and month: 199305,11,0
199306011,index year and month: 199306,11,0
199307011,index year and month: 199307,11,0
199308011,index year and month: 199308,11,0
199309011,index year and month: 199309,11,0
199310011,index year and month: 199310,11,0
199311011,index year and month: 199311,11,0
199312011,index year and month: 199312,11,0
199401011,index year and month: 199401,11,0
199402011,index year and month: 199402,11,0
199403011,index year and month: 199403,11,0
199404011,index year and month: 199404,11,0
199405011,index year and month: 199405,11,0
199406011,index year and month: 199406,11,0
199407011,index year and month: 199407,11,0
199409011,index year and month: 199409,11,0
199410011,index year and month: 199410,11,0
199412011,index year and month: 199412,11,0
199501011,index year and month: 199501,11,0
199502011,index year and month: 199502,11,0
199503011,index year and month: 199503,11,0
199504011,index year and month: 199504,11,0
199505011,index year and month: 199505,11,0
199506011,index year and month: 199506,11,0
199507011,index year and month: 199507,11,0
199508011,index year and month: 199508,11,0
199509011,index year and month: 199509,11,0
199510011,index year and month: 199510,11,0
199511011,index year and month: 199511,11,0
199512011,index year and month: 199512,11,0
199601011,index year and month: 199601,11,0
199602011,index year and month: 199602,11,0
199603011,index year and month: 199603,11,0
199604011,index year and month: 199604,11,0
199605011,index year and month: 199605,11,0
199606011,index year and month: 199606,11,0
199607011,index year and month: 199607,11,0
199608011,index year and month: 199608,11,0
199609011,index year and month: 199609,11,0
199610011,index year and month: 199610,11,0
199611011,index year and month: 199611,11,0
199612011,index year and month: 199612,11,0
199701011,index year and month: 199701,11,0
199702011,index year and month: 199702,11,0
199703011,index year and month: 199703,11,0
199704011,index year and month: 199704,11,0
199705011,index year and month: 199705,11,0
199706011,index year and month: 199706,11,0
199707011,index year and month: 199707,11,0
199708011,index year and month: 199708,11,0
199709011,index year and month: 199709,11,0
199710011,index year and month: 199710,11,0
199711011,index year and month: 199711,11,0
199712011,index year and month: 199712,11,0
199801011,index year and month: 199801,11,0
199802011,index year and month: 199802,11,0
199803011,index year and month: 199803,11,0
199804011,index year and month: 199804,11,0
199805011,index year and month: 199805,11,0
199806011,index year and month: 199806,11,0
199807011,index year and month: 199807,11,0
199808011,index year and month: 199808,11,0
199809011,index year and month: 199809,11,0
199810011,index year and month: 199810,11,0
199811011,index year and month: 199811,11,0
199812011,index year and month: 199812,11,0
199901011,index year and month: 199901,11,0
199902011,index year and month: 199902,11,0
199903011,index year and month: 199903,11,0
199904011,index year and month: 199904,11,0
199905011,index year and month: 199905,11,0
199906011,index year and month: 199906,11,0
199907011,index year and month: 199907,11,0
199908011,index year and month: 199908,11,0
199909011,index year and month: 199909,11,0
199910011,index year and month: 199910,11,0
199911011,index year and month: 199911,11,0
199912011,index year and month: 199912,11,0
200001011,index year and month: 200001,11,0
200002011,index year and month: 200002,11,0
200003011,index year and month: 200003,11,0
200004011,index year and month: 200004,11,0
200005011,index year and month: 200005,11,0
200006011,index year and month: 200006,11,0
200007011,index year and month: 200007,11,0
200008011,index year and month: 200008,11,0
200009011,index year and month: 200009,11,0
200010011,index year and month: 200010,11,0
200011011,index year and month: 200011,11,0
200012011,index year and month: 200012,11,0
200101011,index year and month: 200101,11,0
200102011,index year and month: 200102,11,0
200103011,index year and month: 200103,11,0
200104011,index year and month: 200104,11,0
200105011,index year and month: 200105,11,0
200107011,index year and month: 200107,11,0
200108011,index year and month: 200108,11,0
200109011,index year and month: 200109,11,0
200110011,index year and month: 200110,11,0
200111011,index year and month: 200111,11,0
200112011,index year and month: 200112,11,0
200201011,index year and month: 200201,11,0
200202011,index year and month: 200202,11,0
200203011,index year and month: 200203,11,0
200204011,index year and month: 200204,11,0
200205011,index year and month: 200205,11,0
200206011,index year and month: 200206,11,0
200207011,index year and month: 200207,11,0
200208011,index year and month: 200208,11,0
200209011,index year and month: 200209,11,0
200210011,index year and month: 200210,11,0
200211011,index year and month: 200211,11,0
200212011,index year and month: 200212,11,0
200301011,index year and month: 200301,11,0
200302011,index year and month: 200302,11,0
200303011,index year and month: 200303,11,0
200304011,index year and month: 200304,11,0
200305011,index year and month: 200305,11,0
200306011,index year and month: 200306,11,0
200307011,index year and month: 200307,11,0
200308011,index year and month: 200308,11,0
200309011,index year and month: 200309,11,0
200310011,index year and month: 200310,11,0
200311011,index year and month: 200311,11,0
200312011,index year and month: 200312,11,0
200401011,index year and month: 200401,11,0
200402011,index year and month: 200402,11,0
200403011,index year and month: 200403,11,0
200404011,index year and month: 200404,11,0
200405011,index year and month: 200405,11,0
200406011,index year and month: 200406,11,0
200407011,index year and month: 200407,11,0
200408011,index year and month: 200408,11,0
200409011,index year and month: 200409,11,0
200410011,index year and month: 200410,11,0
200411011,index year and month: 200411,11,0
200412011,index year and month: 200412,11,0
200501011,index year and month: 200501,11,0
200502011,index year and month: 200502,11,0
200503011,index year and month: 200503,11,0
200504011,index year and month: 200504,11,0
200505011,index year and month: 200505,11,0
200506011,index year and month: 200506,11,0
200507011,index year and month: 200507,11,0
200508011,index year and month: 200508,11,0
200509011,index year and month: 200509,11,0
200510011,index year and month: 200510,11,0
200511011,index year and month: 200511,11,0
200512011,index year and month: 200512,11,0
200601011,index year and month: 200601,11,0
200602011,index year and month: 200602,11,0
200603011,index year and month: 200603,11,0
200604011,index year and month: 200604,11,0
200605011,index year and month: 200605,11,0
200606011,index year and month: 200606,11,0
200607011,index year and month: 200607,11,0
200608011,index year and month: 200608,11,0
200609011,index year and month: 200609,11,0
200610011,index year and month: 200610,11,0
200611011,index year and month: 200611,11,0
200612011,index year and month: 200612,11,0
200701011,index year and month: 200701,11,0
200702011,index year and month: 200702,11,0
200703011,index year and month: 200703,11,0
200704011,index year and month: 200704,11,0
200705011,index year and month: 200705,11,0
200706011,index year and month: 200706,11,0
200707011,index year and month: 200707,11,0
200708011,index year and month: 200708,11,0
200709011,index year and month: 200709,11,0
200710011,index year and month: 200710,11,0
200711011,index year and month: 200711,11,0
200712011,index year and month: 200712,11,0
200801011,index year and month: 200801,11,0
200802011,index year and month: 200802,11,0
200803011,index year and month: 200803,11,0
200804011,index year and month: 200804,11,0
200805011,index year and month: 200805,11,0
200806011,index year and month: 200806,11,0
200807011,index year and month: 200807,11,0
200808011,index year and month: 200808,11,0
200809011,index year and month: 200809,11,0
200810011,index year and month: 200810,11,0
200811011,index year and month: 200811,11,0
200812011,index year and month: 200812,11,0
200901011,index year and month: 200901,11,0
200902011,index year and month: 200902,11,0
200903011,index year and month: 200903,11,0
200904011,index year and month: 200904,11,0
200905011,index year and month: 200905,11,0
200906011,index year and month: 200906,11,0
200907011,index year and month: 200907,11,0
200909011,index year and month: 200909,11,0
200910011,index year and month: 200910,11,0
200911011,index year and month: 200911,11,0
200912011,index year and month: 200912,11,0
201001011,index year and month: 201001,11,0
201002011,index year and month: 201002,11,0
201003011,index year and month: 201003,11,0
201004011,index year and month: 201004,11,0
201005011,index year and month: 201005,11,0
201006011,index year and month: 201006,11,0
201007011,index year and month: 201007,11,0
201008011,index year and month: 201008,11,0
201009011,index year and month: 201009,11,0
201010011,index year and month: 201010,11,0
201011011,index year and month: 201011,11,0
201012011,index year and month: 201012,11,0
201101011,index year and month: 201101,11,0
201102011,index year and month: 201102,11,0
201103011,index year and month: 201103,11,0
201104011,index year and month: 201104,11,0
201105011,index year and month: 201105,11,0
201106011,index year and month: 201106,11,0
201107011,index year and month: 201107,11,0
201108011,index year and month: 201108,11,0
201109011,index year and month: 201109,11,0
201111011,index year and month: 201111,11,0
201112011,index year and month: 201112,11,0
201201011,index year and month: 201201,11,0
201202011,index year and month: 201202,11,0
201203011,index year and month: 201203,11,0
201204011,index year and month: 201204,11,0
201205011,index year and month: 201205,11,0
201206011,index year and month: 201206,11,0
201207011,index year and month: 201207,11,0
201208011,index year and month: 201208,11,0
201209011,index year and month: 201209,11,0
201210011,index year and month: 201210,11,0
201211011,index year and month: 201211,11,0
201212011,index year and month: 201212,11,0
201301011,index year and month: 201301,11,0
201302011,index year and month: 201302,11,0
201303011,index year and month: 201303,11,0
201304011,index year and month: 201304,11,0
201305011,index year and month: 201305,11,0
201306011,index year and month: 201306,11,0
201307011,index year and month: 201307,11,0
201308011,index year and month: 201308,11,0
201310011,index year and month: 201310,11,0
201311011,index year and month: 201311,11,0
201312011,index year and month: 201312,11,0
201401011,index year and month: 201401,11,0
201402011,index year and month: 201402,11,0
201403011,index year and month: 201403,11,0
201404011,index year and month: 201404,11,0
201405011,index year and month: 201405,11,0
201406011,index year and month: 201406,11,0
201407011,index year and month: 201407,11,0
201408011,index year and month: 201408,11,0
201409011,index year and month: 201409,11,0
201410011,index year and month: 201410,11,0
201411011,index year and month: 201411,11,0
201412011,index year and month: 201412,11,0
201501011,index year and month: 201501,11,0
201502011,index year and month: 201502,11,0
201503011,index year and month: 201503,11,0
201504011,index year and month: 201504,11,0
201505011,index year and month: 201505,11,0
201506011,index year and month: 201506,11,0
201507011,index year and month: 201507,11,0
201508011,index year and month: 201508,11,0
201509011,index year and month: 201509,11,0
201510011,index year and month: 201510,11,0
201511011,index year and month: 201511,11,0
201512011,index year and month: 201512,11,0
201602011,index year and month: 201602,11,0
201603011,index year and month: 201603,11,0
201604011,index year and month: 201604,11,0
201605011,index year and month: 201605,11,0
201606011,index year and month: 201606,11,0
201607011,index year and month: 201607,11,0
201608011,index year and month: 201608,11,0
201609011,index year and month: 201609,11,0
201610011,index year and month: 201610,11,0
201611011,index year and month: 201611,11,0
201612011,index year and month: 201612,11,0
201701011,index year and month: 201701,11,0
201702011,index year and month: 201702,11,0
201703011,index year and month: 201703,11,0
201704011,index year and month: 201704,11,0
201705011,index year and month: 201705,11,0
201706011,index year and month: 201706,11,0
201707011,index year and month: 201707,11,0
201708011,index year and month: 201708,11,0
201709011,index year and month: 201709,11,0
201710011,index year and month: 201710,11,0
201712011,index year and month: 201712,11,0
201801011,index year and month: 201801,11,0
201802011,index year and month: 201802,11,0
201804011,index year and month: 201804,11,0
201805011,index year and month: 201805,11,0
201806011,index year and month: 201806,11,0
201807011,index year and month: 201807,11,0
201808011,index year and month: 201808,11,0
201810011,index year and month: 201810,11,0
201811011,index year and month: 201811,11,0
201812011,index year and month: 201812,11,0
201901011,index year and month: 201901,11,0
201902011,index year and month: 201902,11,0
201903011,index year and month: 201903,11,0
201904011,index year and month: 201904,11,0
194307011,index year and month: 194307,11,0
194406011,index year and month: 194406,11,0
194412011,index year and month: 194412,11,0
194508011,index year and month: 194508,11,0
194806011,index year and month: 194806,11,0
194808011,index year and month: 194808,11,0
194812011,index year and month: 194812,11,0
194906011,index year and month: 194906,11,0
195003011,index year and month: 195003,11,0
195010011,index year and month: 195010,11,0
195207011,index year and month: 195207,11,0
195208011,index year and month: 195208,11,0
195302011,index year and month: 195302,11,0
195305011,index year and month: 195305,11,0
195403011,index year and month: 195403,11,0
195502011,index year and month: 195502,11,0
195508011,index year and month: 195508,11,0
195512011,index year and month: 195512,11,0
195706011,index year and month: 195706,11,0
195711011,index year and month: 195711,11,0
195804011,index year and month: 195804,11,0
195810011,index year and month: 195810,11,0
195811011,index year and month: 195811,11,0
195907011,index year and month: 195907,11,0
196003011,index year and month: 196003,11,0
196004011,index year and month: 196004,11,0
196101011,index year and month: 196101,11,0
196103011,index year and month: 196103,11,0
196304011,index year and month: 196304,11,0
196305011,index year and month: 196305,11,0
196307011,index year and month: 196307,11,0
196405011,index year and month: 196405,11,0
196408011,index year and month: 196408,11,0
196410011,index year and month: 196410,11,0
196502011,index year and month: 196502,11,0
196504011,index year and month: 196504,11,0
196505011,index year and month: 196505,11,0
196506011,index year and month: 196506,11,0
196601011,index year and month: 196601,11,0
196701011,index year and month: 196701,11,0
196809011,index year and month: 196809,11,0
196810011,index year and month: 196810,11,0
196907011,index year and month: 196907,11,0
197002011,index year and month: 197002,11,0
197108011,index year and month: 197108,11,0
197204011,index year and month: 197204,11,0
197208011,index year and month: 197208,11,0
197407011,index year and month: 197407,11,0
197410011,index year and month: 197410,11,0
197501011,index year and month: 197501,11,0
197601011,index year and month: 197601,11,0
197706011,index year and month: 197706,11,0
197712011,index year and month: 197712,11,0
197803011,index year and month: 197803,11,0
197902011,index year and month: 197902,11,0
197905011,index year and month: 197905,11,0
197906011,index year and month: 197906,11,0
198010011,index year and month: 198010,11,0
198107011,index year and month: 198107,11,0
198308011,index year and month: 198308,11,0
198506011,index year and month: 198506,11,0
198511011,index year and month: 198511,11,0
198602011,index year and month: 198602,11,0
198610011,index year and month: 198610,11,0
198811011,index year and month: 198811,11,0
199008011,index year and month: 199008,11,0
199111011,index year and month: 199111,11,0
199303011,index year and month: 199303,11,0
199408011,index year and month: 199408,11,0
201110011,index year and month: 201110,11,0
201309011,index year and month: 201309,11,0
201601011,index year and month: 201601,11,0
201803011,index year and month: 201803,11,0
194401011,index year and month: 194401,11,0
194703011,index year and month: 194703,11,0
194901011,index year and month: 194901,11,0
195009011,index year and month: 195009,11,0
195304011,index year and month: 195304,11,0
195504011,index year and month: 195504,11,0
195605011,index year and month: 195605,11,0
196302011,index year and month: 196302,11,0
196311011,index year and month: 196311,11,0
196406011,index year and month: 196406,11,0
196507011,index year and month: 196507,11,0
196611011,index year and month: 196611,11,0
196803011,index year and month: 196803,11,0
197003011,index year and month: 197003,11,0
197203011,index year and month: 197203,11,0
197207011,index year and month: 197207,11,0
197504011,index year and month: 197504,11,0
197811011,index year and month: 197811,11,0
198002011,index year and month: 198002,11,0
198011011,index year and month: 198011,11,0
199411011,index year and month: 199411,11,0
200106011,index year and month: 200106,11,0
201711011,index year and month: 201711,11,0
201809011,index year and month: 201809,11,0
201905011,index year and month: 201905,11,0
6003,age group:  30 -  34,3,0
7003,age group:  35 -  39,3,0
8003,age group:  40 -  44,3,0
9003,age group:  45 -  49,3,0
1002,age in years,2,0
28060202,condition_era: Streptococcal sore throat,202,28060
30753202,condition_era: Esophagitis,202,30753
78272202,condition_era: Sprain of wrist,202,78272
80180202,condition_era: Osteoarthritis,202,80180
80502202,condition_era: Osteoporosis,202,80502
80809202,condition_era: Rheumatoid arthritis,202,80809
81151202,condition_era: Sprain of ankle,202,81151
81893202,condition_era: Ulcerative colitis,202,81893
133834202,condition_era: Atopic dermatitis,202,133834
134438202,condition_era: Contact dermatitis,202,134438
140673202,condition_era: Hypothyroidism,202,140673
192671202,condition_era: Gastrointestinal hemorrhage,202,192671
195588202,condition_era: Cystitis,202,195588
196456202,condition_era: Gallstone,202,196456
198199202,condition_era: Pyelonephritis,202,198199
198809202,condition_era: Acute cholecystitis,202,198809
255848202,condition_era: Pneumonia,202,255848
257012202,condition_era: Chronic sinusitis,202,257012
258780202,condition_era: Emphysematous bronchitis,202,258780
260139202,condition_era: Acute bronchitis,202,260139
261325202,condition_era: Pulmonary emphysema,202,261325
313217202,condition_era: Atrial fibrillation,202,313217
317009202,condition_era: Asthma,202,317009
317576202,condition_era: Coronary arteriosclerosis,202,317576
321042202,condition_era: Cardiac arrest,202,321042
372328202,condition_era: Otitis media,202,372328
375671202,condition_era: Concussion with loss of consciousness,202,375671
378001202,condition_era: Concussion with no loss of consciousness,202,378001
378419202,condition_era: Alzheimer's disease,202,378419
380378202,condition_era: Epilepsy,202,380378
381316202,condition_era: Cerebrovascular accident,202,381316
439777202,condition_era: Anemia,202,439777
440086202,condition_era: Child attention deficit disorder,202,440086
440448202,condition_era: Appendicitis,202,440448
4001336202,condition_era: Concussion injury of brain,202,4001336
4027663202,condition_era: Peptic ulcer,202,4027663
4029498202,condition_era: Seizure disorder,202,4029498
4035415202,condition_era: Tear of meniscus of knee,202,4035415
4043241202,condition_era: Familial Alzheimer's disease of early onset,202,4043241
4048171202,condition_era: Perennial allergic rhinitis with seasonal variation,202,4048171
4048695202,condition_era: Fracture of vertebral column without spinal cord injury,202,4048695
4051466202,condition_era: Childhood asthma,202,4051466
4056621202,condition_era: Recurrent urinary tract infection,202,4056621
4059173202,condition_era: Fracture of ankle,202,4059173
4066995202,condition_era: Fracture of vertebral column with spinal cord injury,202,4066995
4084167202,condition_era: Acute allergic reaction,202,4084167
4094814202,condition_era: Bullet wound,202,4094814
4109685202,condition_era: Laceration of foot,202,4109685
4112343202,condition_era: Acute viral pharyngitis,202,4112343
4113008202,condition_era: Laceration of hand,202,4113008
4116491202,condition_era: Escherichia coli urinary tract infection,202,4116491
4132546202,condition_era: Traumatic brain injury,202,4132546
4134304202,condition_era: Fracture subluxation of wrist,202,4134304
4142905202,condition_era: Fracture of rib,202,4142905
4146173202,condition_era: Injury of tendon of the rotator cuff of shoulder,202,4146173
4149245202,condition_era: Rupture of patellar tendon,202,4149245
4152936202,condition_era: Laceration of thigh,202,4152936
4155034202,condition_era: Laceration of forearm,202,4155034
4156265202,condition_era: Facial laceration,202,4156265
4166224202,condition_era: Rupture of appendix,202,4166224
4218389202,condition_era: Whiplash injury to neck,202,4218389
4230399202,condition_era: Closed fracture of hip,202,4230399
4237458202,condition_era: Fracture of clavicle,202,4237458
4266809202,condition_era: Diverticular disease,202,4266809
4278672202,condition_era: Fracture of forearm,202,4278672
4280726202,condition_era: Seasonal allergic rhinitis,202,4280726
4283893202,condition_era: Sinusitis,202,4283893
4285898202,condition_era: Polyp of colon,202,4285898
4294548202,condition_era: Acute bacterial sinusitis,202,4294548
4296204202,condition_era: First degree burn,202,4296204
4296205202,condition_era: Second degree burn,202,4296205
4299128202,condition_era: Third degree burn,202,4299128
4310024202,condition_era: Angiodysplasia of stomach,202,4310024
4329847202,condition_era: Myocardial infarction,202,4329847
40479422202,condition_era: Injury of medial collateral ligament of knee,202,40479422
40479768202,condition_era: Injury of anterior cruciate ligament,202,40479768
40480160202,condition_era: Pathological fracture due to osteoporosis,202,40480160
40481087202,condition_era: Viral sinusitis,202,40481087
40486433202,condition_era: Perennial allergic rhinitis,202,40486433
44782520202,condition_era: Chronic paralysis due to lesion of spinal cord,202,44782520
439406801,observation: Allergy to animal dander,801,439406
4102123801,observation: Latex allergy,801,4102123
4163874801,observation: History of myocardial infarction,801,4163874
4168004801,observation: Burn injury,801,4168004
4174876801,observation: Allergy to bee venom,801,4174876
4302207801,observation: Allergy to grass pollen,801,4302207
4304110801,observation: Allergy to mold,801,4304110
4306014801,observation: Allergy to tree pollen,801,4306014
4323208801,observation: History of appendectomy,801,4323208
4324181801,observation: History of cardiac arrest,801,4324181
45766064801,observation: History of single seizure,801,45766064
443279801,observation: Attempted suicide - cut/stab,801,443279
4010253501,procedure_occurrence: Nasal sinus endoscopy,501,4010253
4024289501,procedure_occurrence: Radiography of ankle,501,4024289
4035793501,procedure_occurrence: Pulmonary rehabilitation,501,4035793
4037675501,procedure_occurrence: Brief general examination,501,4037675
4043071501,procedure_occurrence: Cognitive and behavioral therapy,501,4043071
4047491501,procedure_occurrence: Radiography of humerus,501,4047491
4057420501,procedure_occurrence: Catheter ablation of tissue of heart,501,4057420
4058899501,procedure_occurrence: Plain X-ray of clavicle,501,4058899
4059978501,procedure_occurrence: Insertion of subcutaneous contraceptive,501,4059978
4062501501,procedure_occurrence: Asthma screening,501,4062501
4078793501,procedure_occurrence: Direct current cardioversion,501,4078793
4107731501,procedure_occurrence: Subcutaneous immunotherapy,501,4107731
4108705501,procedure_occurrence: Intravenous blood transfusion of packed cells,501,4108705
4117038501,procedure_occurrence: Bilateral tubal ligation,501,4117038
4125906501,procedure_occurrence: Suture open wound,501,4125906
4145310501,procedure_occurrence: Pelvis X-ray,501,4145310
4151422501,procedure_occurrence: Sputum examination,501,4151422
4163872501,procedure_occurrence: Plain chest X-ray,501,4163872
4163951501,procedure_occurrence: Electrocardiographic procedure,501,4163951
4163971501,procedure_occurrence: Laparoscopic cholecystectomy,501,4163971
4170947501,procedure_occurrence: Bone immobilization,501,4170947
4181917501,procedure_occurrence: Electroencephalogram,501,4181917
4186930501,procedure_occurrence: Replacement of intrauterine contraceptive device,501,4186930
4187458501,procedure_occurrence: Review of systems,501,4187458
4191853501,procedure_occurrence: Allergy screening test,501,4191853
4195803501,procedure_occurrence: Bone density scan,501,4195803
4197460501,procedure_occurrence: Injection of epinephrine,501,4197460
4198190501,procedure_occurrence: Appendectomy,501,4198190
4199276501,procedure_occurrence: Removal of subcutaneous contraceptive,501,4199276
4202451501,procedure_occurrence: Percutaneous mechanical thrombectomy of portal vein using fluoroscopic guidance,501,4202451
4202832501,procedure_occurrence: Intubation,501,4202832
4216130501,procedure_occurrence: Percutaneous coronary intervention,501,4216130
4238715501,procedure_occurrence: Removal of intrauterine device,501,4238715
4242997501,procedure_occurrence: Cholecystectomy,501,4242997
4243062501,procedure_occurrence: Radiography of wrist,501,4243062
4252419501,procedure_occurrence: Radiologic examination of knee,501,4252419
4275113501,procedure_occurrence: Insertion of intrauterine contraceptive device,501,4275113
4293740501,procedure_occurrence: Injection of tetanus antitoxin,501,4293740
4295880501,procedure_occurrence: Intramuscular injection,501,4295880
4301346501,procedure_occurrence: Surgical manipulation of shoulder joint,501,4301346
4323902501,procedure_occurrence: Lung volume reduction surgery,501,4323902
4326177501,procedure_occurrence: Medication Reconciliation,501,4326177
4330583501,procedure_occurrence: Vasectomy,501,4330583
4336464501,procedure_occurrence: Coronary artery bypass graft,501,4336464
4337138501,procedure_occurrence: Transplant of lung,501,4337138
40492359501,procedure_occurrence: Insertion of biventricular implantable cardioverter defibrillator,501,40492359
42535580501,"procedure_occurrence: Ultrasonography of abdomen, right upper quadrant and epigastrium",501,42535580
44783196501,procedure_occurrence: Surgical manipulation of joint of knee,501,44783196
44805732501,procedure_occurrence: Reinsertion of subcutaneous contraceptive,501,44805732
4230209501,procedure_occurrence: Psychiatric follow-up,501,4230209
4234705501,procedure_occurrence: Evaluation of psychiatric state of patient,501,4234705
1903,CHADS2,903,0
