task,startTime,cohortIds,executionTime,parent
getCdmDataSourceInformation,2025-01-16T00:21:17Z,,0.0395228862762451,executeDiagnostics
observationPeriodDateRange,2025-01-16T00:21:17Z,,0.0182020664215088,executeDiagnostics
getInclusionStats,2025-01-16T00:21:17Z,,0.0546259880065918,executeDiagnostics
getInclusionStatsCohortGenerator,2025-01-16T00:21:17Z,,0.140626907348633,getInclusionStats
getInclusionStats,2025-01-16T00:21:17Z,,0.165096998214722,executeDiagnostics
instantiateUniqueConceptSets,2025-01-16T00:21:18Z,,0.0483319759368896,runConceptSetDiagnostics
createConceptCountsTable,2025-01-16T00:21:18Z,,0.21513295173645,runConceptSetDiagnostics
runIncludedSourceConcepts,2025-01-16T00:21:18Z,,0.216671943664551,runConceptSetDiagnostics
orphanConcepts,2025-01-16T00:21:20Z,concept_set- Celecoxib,0.181043863296509,runConceptSetDiagnostics
orphanConcepts,2025-01-16T00:21:21Z,concept_set- Diclofenac,0.109521865844727,runConceptSetDiagnostics
orphanConcepts,2025-01-16T00:21:21Z,concept_set- GI bleed,0.101062059402466,runConceptSetDiagnostics
orphanConcepts,2025-01-16T00:21:21Z,concept_set- Celecoxib,0.103363990783691,runConceptSetDiagnostics
orphanConcepts,2025-01-16T00:21:21Z,concept_set- Diclofenac,0.475186109542847,runConceptSetDiagnostics
allOrphanConcepts,2025-01-16T00:21:20Z,,1.09095287322998,runConceptSetDiagnostics
runConceptSetDiagnostics,2025-01-16T00:21:17Z,,4.06375217437744,executeDiagnostics
executeVisitContextDiagnostics,2025-01-16T00:21:22Z,,0.0965709686279297,executeDiagnostics
getIncidenceRate,2025-01-16T00:21:22Z,1,1.36273097991943,computeIncidenceRates
getIncidenceRate,2025-01-16T00:21:23Z,2,1.20878791809082,computeIncidenceRates
getIncidenceRate,2025-01-16T00:21:24Z,3,1.17644906044006,computeIncidenceRates
getIncidenceRate,2025-01-16T00:21:25Z,1001,1.3189959526062,computeIncidenceRates
getIncidenceRate,2025-01-16T00:21:27Z,2001,1.19438505172729,computeIncidenceRates
computeIncidenceRates,2025-01-16T00:21:22Z,,7.54357385635376,executeDiagnostics
runCohortRelationshipDiagnostics,2025-01-16T00:21:29Z,1;2;3;1001;2001;2;3;1001;2001;1,2.73731207847595,executeCohortRelationshipDiagnostics
executeCohortRelationshipDiagnostics,2025-01-16T00:21:29Z,,2.88902497291565,executeDiagnostics
getDbCovariateData,2025-01-16T00:21:32Z,1;2;3;1001;2001,14.1394731998444,getCohortCharacteristics
executeCohortCharacterization,2025-01-16T00:21:32Z,,18.8309659957886,executeDiagnostics
exportConceptInformation,2025-01-16T00:21:51Z,,0.605610847473145,executeDiagnostics
DeleteConceptIdTable,2025-01-16T00:21:52Z,,0.0204880237579346,executeDiagnostics
executeDiagnostics,2025-01-16T00:21:17Z,,34.7661910057068,
writeResultsZip,2025-01-16T00:21:52Z,,0.0700268745422363,executeDiagnostics
getCdmDataSourceInformation,2025-01-17T00:37:59Z,,0.0533719062805176,executeDiagnostics
observationPeriodDateRange,2025-01-17T00:37:59Z,,0.0178391933441162,executeDiagnostics
getInclusionStats,2025-01-17T00:37:59Z,,0.0578570365905762,executeDiagnostics
getInclusionStats,2025-01-17T00:37:59Z,,0.00285983085632324,executeDiagnostics
runConceptSetDiagnostics,2025-01-17T00:37:59Z,,0.00592589378356934,executeDiagnostics
executeVisitContextDiagnostics,2025-01-17T00:37:59Z,,0.00288510322570801,executeDiagnostics
computeIncidenceRates,2025-01-17T00:37:59Z,,0.00417709350585938,executeDiagnostics
executeCohortRelationshipDiagnostics,2025-01-17T00:37:59Z,,0.0769920349121094,executeDiagnostics
executeCohortCharacterization,2025-01-17T00:37:59Z,,0.00401592254638672,executeDiagnostics
exportConceptInformation,2025-01-17T00:37:59Z,,0.0268971920013428,executeDiagnostics
DeleteConceptIdTable,2025-01-17T00:37:59Z,,0.0139400959014893,executeDiagnostics
executeDiagnostics,2025-01-17T00:37:59Z,,0.65909218788147,
writeResultsZip,2025-01-17T00:37:59Z,,0.299062013626099,executeDiagnostics
getCdmDataSourceInformation,2025-01-17T08:45:50Z,,0.0346009731292725,executeDiagnostics
observationPeriodDateRange,2025-01-17T08:45:50Z,,0.0219900608062744,executeDiagnostics
getInclusionStats,2025-01-17T08:45:50Z,,0.0562729835510254,executeDiagnostics
getInclusionStats,2025-01-17T08:45:50Z,,0.00326704978942871,executeDiagnostics
runConceptSetDiagnostics,2025-01-17T08:45:50Z,,0.00238800048828125,executeDiagnostics
executeVisitContextDiagnostics,2025-01-17T08:45:50Z,,0.00291085243225098,executeDiagnostics
computeIncidenceRates,2025-01-17T08:45:50Z,,0.00503993034362793,executeDiagnostics
executeCohortRelationshipDiagnostics,2025-01-17T08:45:51Z,,0.0874171257019043,executeDiagnostics
executeCohortCharacterization,2025-01-17T08:45:51Z,,0.00354909896850586,executeDiagnostics
exportConceptInformation,2025-01-17T08:45:51Z,,0.0336871147155762,executeDiagnostics
DeleteConceptIdTable,2025-01-17T08:45:51Z,,0.0189850330352783,executeDiagnostics
executeDiagnostics,2025-01-17T08:45:50Z,,0.72237491607666,
writeResultsZip,2025-01-17T08:45:51Z,,0.0518240928649902,executeDiagnostics
