table_name,column_name,data_type,is_required,primary_key,optional,empty_is_na,min_cell_count,is_vocabulary_table,never_incremental,description
cd_cohort,cohort_id,bigint,Yes,Yes,No,Yes,No,No,No,cohort id
cd_cohort,cohort_name,varchar,Yes,No,No,Yes,No,No,No,cohort name
cd_cohort,metadata,varchar,No,No,Yes,Yes,No,No,No,meta data about the cohort
cd_cohort,json,varchar,No,No,Yes,Yes,No,No,No,circe json description
cd_cohort,sql,varchar,Yes,No,No,Yes,No,No,No,sql derrived from circe description
cd_cohort,subset_parent,bigint,No,No,Yes,Yes,No,No,No,cohort subset parent id (some as if not a subset)
cd_cohort,subset_definition_id,bigint,No,No,Yes,Yes,No,No,No,subset cohort definition id
cd_cohort,is_subset,int,No,No,Yes,Yes,No,No,No,is the cohort a subset or not?
cd_subset_definition,subset_definition_id,bigint,Yes,Yes,No,Yes,No,No,No,subset cohort definition id
cd_subset_definition,json,varchar,Yes,Yes,No,Yes,No,No,No,subset cohort definition json
cd_cohort_count,cohort_id,bigint,Yes,Yes,No,Yes,No,No,No,cohort id
cd_cohort_count,cohort_entries,float,Yes,No,No,Yes,Yes,No,No,number of entries in to cohort (an individual can be counted multiple times)
cd_cohort_count,cohort_subjects,float,Yes,No,No,Yes,Yes,No,No,number of individuals in cohort
cd_cohort_count,database_id,varchar,Yes,Yes,No,Yes,No,No,No,database identifier
cd_database,database_id,varchar,Yes,Yes,No,Yes,No,No,No,database identifier
cd_database,database_name,varchar,No,No,No,Yes,No,No,No,cdm name
cd_database,description,varchar,No,No,No,Yes,No,No,No,description of cdm
cd_database,is_meta_analysis,varchar(1),Yes,No,No,Yes,No,No,No,is meta analysis?
cd_database,vocabulary_version,varchar,No,No,Yes,Yes,No,No,No,vocabulary version
cd_database,vocabulary_version_cdm,varchar,No,No,Yes,Yes,No,No,No,vocabulary_version_cdm
cd_metadata,database_id,varchar,Yes,Yes,No,Yes,No,No,No,database identifier
cd_metadata,start_time,varchar,No,Yes,No,Yes,No,No,No,when run started
cd_metadata,variable_field,varchar,Yes,Yes,No,Yes,No,No,No,variable name
cd_metadata,value_field,varchar,Yes,No,No,Yes,No,No,No,variable value
